id_pergunta,modelo_avaliado,nota_qwen,just_qwen,nota_llama,just_llama,nota_media
107,phi-3-mini,4.5,"A resposta aponta corretamente a competência concorrente entre União e Estados sobre ensino (art. 212 CF), mas comete erro técnico ao citar o art. 225 (meio ambiente) em vez do art. 212 CF. A análise sobre a validade da lei estadual está correta, mas a referência constitucional está equivocada.",8.5,"A resposta apresenta uma análise correta da competência legislativa em matéria de ensino, citando o artigo 225 da Constituição Federal. No entanto, a afirmação de que a lei editada pelo Estado-membro está dentro de sua competência para regular disciplinas uniformes relacionadas ao ensino é parcialmente incorreta, pois a competência para legislar sobre ensino é compartilhada entre o Poder Federal e os Estados, conforme artigo 22, inciso I, da Constituição Federal. Além disso, a resposta não apresenta uma análise mais profunda sobre a possibilidade de violação de cláusulas da Constituição Federal ou de tratados internacionais.",6.5
107,qwen2-1.5b,2.5,"A resposta apresenta informações jurídicas incorretas e confusas sobre competência federativa. Não há correspondência com o art. 116 da CF (que trata da organização judiciária, não de competências federativas). A classificação em 'competência de competência' e suas subcategorias não corresponde ao sistema constitucional brasileiro, que prevê competências exclusivas (art. 22), concorrentes (art. 23) e residuais (art. 24). A resposta também não aborda a pergunta sobre o modelo Qwen2.5-1.5B-Instruct-GGUF, demonstrando desvio temático.",8.5,"A resposta apresentada apresenta uma boa compreensão do princípio da competência entre os entes federativos e as categorias de competência. No entanto, há alguns pontos que precisam ser melhor esclarecidos. A explicação sobre a competência de competência subordinada é um pouco confusa e pode ser melhor ilustrada com exemplos concretos. Além disso, a resposta não apresenta uma análise mais profunda da questão específica proposta, limitando-se a uma explicação geral sobre o princípio da competência.",5.5
107,tinyllama-1.1b,5.5,"A resposta apresenta conceitos genéricos sobre competência estatal em educação, mas não se aprofunda em normas jurídicas específicas (como o art. 210 da CF/88) ou em critérios técnicos para fixação de prazos de mensalidades. A menção a 'segurança dos professores' é descontextualizada. Faltam elementos de análise jurídica concreta.",2.5,"A resposta apresenta uma compreensão básica do tema, mas apresenta erros de interpretação e aplicação da disciplina uniforme. A motivação e o critério de aceitação apresentados não estão alinhados com a realidade jurídica. Além disso, a resposta não apresenta uma análise crítica e profunda do tema.",4.0
108,phi-3-mini,5.0,"A resposta contém erros técnicos graves: 1) A Medida Provisória é regulada pelo art. 62 da CF/88, não pelo art. 84; 2) O Decreto-Lei 3.242/56 não disciplina MPs, mas o Código Eleitoral; 3) A duração da MP é de 120 dias (60 + 60 dias), não 180 dias; 4) A Lei 1.095/54 não existe no ordenamento jurídico brasileiro; 5) A confirmação constitucional mencionada ao TSE é inexistente, sendo a competência do STF. A resposta demonstra desconhecimento dos dispositivos constitucionais e legais pertinentes.",8.5,"A resposta apresenta uma análise precisa e detalhada sobre a Medida Provisória, incluindo sua natureza, limitações e regulamentação. A autora cita corretamente o artigo 84 da Constituição Federal e a Lei 1.095/54, além de fornecer exemplos concretos de sua aplicação. No entanto, há uma pequena falta de clareza em alguns pontos, como a limitação de sua aplicação em tempos de crise, que poderia ser explicada de forma mais detalhada.",6.75
108,qwen2-1.5b,5.0,"A resposta contém erros técnicos graves: (1) a Medida Provisória é instituída pelo Presidente da República, não pelo STF; (2) a regulamentação da MP não depende do STF, mas sim da aprovação pelo Congresso Nacional; (3) a MP não é 'meio de criação de lei', mas instrumento de atuação presidencial com força de lei temporária; (4) a MP 67/2004 é um exemplo de MP, mas a explicação sobre seu controle pelo STF está incorreta. A resposta mistura conceitos constitucionais e institucionais de forma incoerente.",7.5,"A resposta apresenta uma boa compreensão da Medida Provisória como instrumento jurídico, mas apresenta alguns erros técnicos. A Medida Provisória é considerada uma lei, conforme artigo 62 da Constituição Federal, e não está sob controle do presidente do STF e do presidente da República. Além disso, a regulamentação da MP não é feita pelo presidente do STF, mas sim pelo Congresso Nacional.",6.25
108,tinyllama-1.1b,5.0,"A resposta 'F' é técnica e correta, pois a Medida Provisória (MP) no Brasil tem força de lei, mas não é lei formal. É um ato normativo do Poder Executivo com vigência limitada, que pode ser convertida em lei ou extinguida após 120 dias. A resposta está alinhada com o disposto no art. 62 da Constituição Federal.",0.0,"A resposta não aborda a questão jurídica apresentada. A Medida Provisória é um ato do Poder Executivo que tem força de lei, mas não é lei em si. A resposta deve ser mais precisa e técnica.",2.5
109,phi-3-mini,6.5,"A resposta contém imprecisões técnicas: (1) o STF é composto por 'ministros', não 'desembargadores'; (2) a 'ação rescisória' não é meio de apreciação de inconstitucionalidade, mas de anulação de decisão judicial. A referência ao art. 104 da CF está correta, mas a enumeração dos meios de apreciação (ação direta, requisição legislativa) é parcialmente adequada.",7.5,"A resposta apresenta uma boa compreensão do artigo 104 da Constituição Federal e do processo de apreciação de inconstitucionalidade pelo Supremo Tribunal Federal. No entanto, a resposta não menciona a possibilidade de o STF declarar a inconstitucionalidade de lei federal por meio de ação declaratória de constitucionalidade, o que é um aspecto importante da matéria. Além disso, a resposta não é suficientemente clara e precisa em alguns pontos, o que reduz sua nota final.",7.0
109,qwen2-1.5b,4.5,"A resposta contém imprecisões técnicas, como a referência incorreta ao art. 7º da Constituição Federal (que trata de direitos sociais, não da supremacia constitucional). Além disso, a enumeração de 'recorrer e recusar a intervenção' de tribunais inferiores é confusa e não reflete a hierarquia constitucional. A declaração de inconstitucionalidade pelo STF deve ser analisada sob o art. 101 da CF e o art. 97 do RISTF, com efeitos distintos conforme o tipo de ação (ADC, ACP, etc.).",2.0,"A resposta apresentada contém erros significativos e falta de conhecimento sobre a matéria. O Supremo Tribunal Federal não pode julgar a matéria em face do artigo 7º da Constituição Federal, pois esse artigo não se refere à inconstitucionalidade de leis ou atos normativos. Além disso, a resposta apresenta repetições e erros em relação à intervenção de outros tribunais. A resposta também não apresenta a correta interpretação da inconstitucionalidade e da nulidade da lei ou ato normativo federal.",3.25
109,tinyllama-1.1b,3.5,"A resposta contém imprecisões técnicas: 1) O art. 53 da Constituição Federal trata da duração do mandato presidencial e não é objeto típico de ação de inconstitucionalidade; 2) A rejeição automática de ações baseadas em artigos específicos da Constituição é equivocada, pois a jurisdição constitucional abrange todos os dispositivos; 3) A formulação 'inconsciente da sua jurisdição' é metafórica e não corresponde ao conceito jurídico de controle de constitucionalidade.",4.0,"A resposta apresenta uma compreensão básica do tema, mas apresenta alguns erros conceituais. O Supremo Tribunal Federal não declara a inconstitucionalidade de lei ou ato normativo federal em face da Constituição do Brasil, mas sim julga ações diretas de inconstitucionalidade (ADI) ou ações declaratórias de constitucionalidade (ADC). Além disso, a rejeição de ação não é baseada na inconstitucionalidade de um artigo específico da Constituição, mas sim na falta de interesse de agir ou na inexistência de lesividade ao autor. Por fim, o Supremo Tribunal Federal não pode ser inconsciente de sua jurisdição e poder constitucional, mas sim é o órgão máximo da jurisdição constitucional brasileira.",3.75
110,phi-3-mini,8.5,"A resposta aborda corretamente os conceitos de 'poderes-dever' e o equilíbrio entre eficiência administrativa e direitos individuais, conforme doutrina administrativista. No entanto, há imprecisão técnica na expressão 'enquinas e garantias legais' (deveria ser 'limites e garantias legais') e ambiguidade no uso de 'poderes irrenunciáveis', que não é o termo técnico usual para descrever prerrogativas administrativas. A estrutura lógica e a fundamentação constitucional estão corretas.",8.5,"A resposta apresenta uma visão clara e precisa sobre a relação entre prerrogativas da Administração e os poderes-dever. A doutrina mencionada é correta e a resposta demonstra conhecimento sobre a essência da Administração como órgão público. No entanto, poderia ser mais detalhada e específica em alguns pontos.",8.5
110,qwen2-1.5b,6.5,"A resposta aborda corretamente a essência da doutrina do poder-dever, destacando sua natureza irrenunciável e vinculação ao interesse público. No entanto, apresenta repetições excessivas, imprecisões terminológicas (como 'poder-pública' em vez de 'poder público') e falta de estrutura lógica. A explicação é genérica, omitindo referências a princípios administrativos como a legalidade e a eficiência, além de exemplos práticos.",6.5,"A resposta apresenta uma boa compreensão da doutrina do poder-dever, mas apresenta repetições desnecessárias e falta de clareza em alguns pontos. Além disso, a resposta não apresenta exemplos concretos para ilustrar a aplicação da doutrina.",6.5
110,tinyllama-1.1b,1.0,"A resposta é técnica e juridicamente incorreta, misturando conceitos jurídicos com termos de inteligência artificial sem relação com a pergunta. A pergunta original refere-se a um modelo de IA (TheBloke/TinyLlama), mas a resposta aborda 'prerrogativas administrativas' de forma descontextualizada e com erros linguísticos (ex.: 'doutriña', 'prerrôgatóvas').",8.0,"A resposta apresenta uma boa compreensão do conceito de prerrôgatóvas, mas apresenta erros de tradução e gramática. A resposta correta seria: 'A doutrina considera que as prerrogativas postadas à Administração têm um papel vital na resolução de problemas que são acidentais ou não têm uma solução, e que são necessárias para o público que precisam ser corrigidas sempre que o interesse público seja afetado. Isso é chamado de prerrogativas devolutivas.'",4.5
111,phi-3-mini,7.5,"A resposta aponta corretamente a necessidade de observância do processo administrativo legal (Lei 9784/98) e da fundamentação das penas (Lei 8112/90). No entanto, há imprecisão técnica ao mencionar 'demissão' como pena administrativa, quando o termo correto no regime jurídico dos servidores públicos é 'demissão compulsória' (art. 130, V, da Lei 8112/90). Além disso, a repetição de 'fundamentada' na última frase revela redundância linguística.",8.5,"A resposta apresenta uma boa compreensão da matéria, destacando a importância das fases de processo administrativo e do direito de manifestação do servidor. No entanto, a resposta poderia ser mais detalhada e específica em relação às leis mencionadas (Lei nº 8112/90 e Lei 9784/98). Além disso, a resposta poderia ser mais clara em relação à fundamentação da decisão de impor pena de demissão.",8.0
111,qwen2-1.5b,4.5,"A resposta contém imprecisões técnicas sobre o processo disciplinar da Administração Pública Federal. A conferência do direito de manifestação ao servidor não impede a aplicação de penalidade mais grave, como a demissão, desde que observado o devido processo legal (art. 11 da Lei 8.112/1990). A resposta confunde a etapa de manifestação com a impossibilidade de aplicação de penalidade, quando na verdade a manifestação é parte do procedimento obrigatório para a aplicação de qualquer sanção.",7.5,"A resposta apresenta uma argumentação lógica e técnica, mas com repetições desnecessárias. A conclusão final é correta, mas poderia ser apresentada de forma mais concisa.",6.0
111,tinyllama-1.1b,6.5,"A resposta menciona corretamente as leis aplicáveis (Lei 8112/90 e 9784/98), mas comete imprecisões técnicas: (1) a 'demissão' não é uma pena disciplinar prevista na Lei 8112/90 (seria 'demissão' ou 'exoneração' como sanção); (2) a alegação de 'comprvação de ato de improbidade' conflita com a estrutura do processo disciplinar, que deve seguir o art. 13 da Lei 8112/90; (3) a sequência lógica do processo (recurso após a imposição da pena) não condiz com a necessidade de prévia defesa do servidor (art. 12 da Lei 8112/90).",4.0,"A resposta apresenta boa estrutura, mas contém erros de interpretação e aplicação das leis mencionadas. A pena de advertência não é compatível com a gravidade do ato de improbidade, que poderia justificar a pena de demissão. Além disso, a recorrência ao mesmo órgão que impôs a penalidade é ineficaz, pois não há hierarquia entre os órgãos da Administração Federal. A resposta também não menciona a necessidade de observância do procedimento administrativo disciplinar previsto na Lei nº 8112/90.",5.25
112,phi-3-mini,8.5,"A resposta está tecnicamente correta ao identificar que a obrigação de venda à administração pública não constitui obrigação negativa do tombamento. No entanto, poderia ter mencionado expressamente a Lei 3.974/61 e o instituto da desapropriação como mecanismo distinto do tombamento, para maior precisão jurídica.",9.5,"Resposta precisa e técnica, com análise correta das obrigações negativas impostas pelo tombamento. A alternativa excluída é coerente com a lógica das restrições impostas pelo tombamento.",9.0
112,qwen2-1.5b,4.5,"A resposta contém imprecisões técnicas sobre o conceito de 'tombamento' e 'tombo' no direito brasileiro. O 'tombamento' refere-se à proteção de bens culturais, enquanto 'tombo' é a inscrição de imóveis em registros públicos. A resposta mistura conceitos, repetindo indevidamente itens (2 e 7) e atribuindo obrigações genéricas a situações específicas. A conclusão sobre a 'obrigação negativa' não se sustenta no contexto apresentado.",8.5,"A resposta apresentada é precisa e técnica, demonstrando uma boa compreensão do conceito de tombamento e suas características. A alternativa correta foi identificada corretamente e a justificativa apresentada é clara e concisa. No entanto, há algumas repetições desnecessárias nas alternativas 7 e 8, o que poderia ser evitado.",6.5
112,tinyllama-1.1b,2.5,"A resposta apresenta incoerências técnicas e falta de clareza. Não há menção à base constitucional (Art. 5º, XXIV, CF/88) ou aos requisitos de expropriação (interesse público, justa compensação e legalidade). A formulação confunde 'tombamento' com 'expropriação', além de conter estrutura questionativa sem opções de resposta.",0.0,"A resposta contém um erro gramatical e lógico. O correto seria 'à exceção de uma' em vez de 'à excéssa de uma'. Além disso, a resposta não está completa, pois não foi fornecida a opção correta.",1.25
113,phi-3-mini,3.5,"A resposta trata do poder de polícia constitucional, mas a pergunta menciona um modelo de IA (Phi-3-mini-4k-instruct-gguf) sem relação com o conteúdo jurídico abordado. Houve desalinhamento entre o tema questionado e a resposta técnica fornecida.",8.5,"A resposta apresenta uma compreensão clara do conceito de poder de polícia e sua relação com a liberdade individual e direitos de propriedade. Além disso, destaca a importância do controle judiciário para evitar abusos e garantir a legalidade. No entanto, poderia ser mais detalhada e específica em relação às normas constitucionais que regem essa prerrogativa.",6.0
113,qwen2-1.5b,7.5,"A resposta aborda corretamente o conceito de poder de polícia e seu equilíbrio com direitos fundamentais, mas omite referências constitucionais específicas (ex.: art. 5º, incisos V e X da CF/88) e não desenvolve a teoria da proporcionalidade exigida no exercício do poder estatal. A menção à necessidade de legalidade e controle judicial seria fundamental para aprofundar a análise técnica.",8.5,"A resposta apresenta uma visão clara e precisa do poder de polícia, destacando sua importância para a preservação da ordem e da segurança pública. Além disso, enfatiza a necessidade de equilíbrio entre a segurança pública e os direitos fundamentais dos cidadãos. No entanto, a resposta poderia ser mais detalhada e específica em relação às limitações constitucionais às liberdades individuais.",8.0
113,tinyllama-1.1b,5.5,"A resposta contém imprecisões técnicas sobre o conceito de 'poder de polícia', como a afirmação de que a Suprema Corte o justificou como 'faculdade de proprietário', o que é juridicamente incorreto. Além disso, a limitação do poder de polícia a funções específicas (vigiar comércios, hospitais) é simplista e não reflete a complexidade do instituto, que abrange medidas de interesse público geral. A menção a 'interesse público' e 'segurança pública' é correta, mas a estrutura do texto apresenta confusão conceitual.",6.5,"A resposta apresenta conceitos básicos sobre o poder de polícia, mas não aborda de forma aprofundada e precisa as limitações e fundamentos legais desse instituto. Além disso, a menção à decisão da Suprema Corte é vaga e não fornece informações concretas sobre o caso.",6.0
114,phi-3-mini,7.5,"A resposta corretamente identifica a autonomia administrativa e financeira das agências reguladoras, mas comete um equívoco ao citar o art. 141, §2º da CF/88 (que trata do Conselho Nacional de Justiça). A base constitucional adequada para as agências reguladoras encontra-se no art. 21, inciso XXI, da CF/88, que autoriza a União a instituir autarquias e fundações públicas, além do art. 37, caput, sobre os princípios da administração pública.",8.5,"A resposta apresenta uma boa compreensão da autonomia das Agências Reguladoras no Direito Público brasileiro, citando a Constituição Federal e o artigo 141, §2º. No entanto, a resposta poderia ser mais completa ao abordar os limites e restrições dessa autonomia, bem como os princípios constitucionais e legais que a regem.",8.0
114,qwen2-1.5b,6.5,"A resposta aborda corretamente os conceitos de independência técnica e financeira das Agências Reguladoras, mas omite referências legais específicas (como a Lei nº 8.967/1994 para ANATEL) e não detalha o equilíbrio entre autonomia e controle estatal previsto na Constituição Federal (art. 21). A análise é genérica, sem exemplos concretos de agências ou discussão sobre limites constitucionais.",8.5,"A resposta apresenta uma análise detalhada e precisa sobre o grau de autonomia das Agências Reguladoras no Direito Público brasileiro. A autora destaca a importância da independência técnica e financeira para garantir a eficiência e justiça das Agências Reguladoras. Além disso, a resposta aborda a integração dessas duas dimensões de independência e sua contribuição para a regulação mais eficaz e justa. No entanto, a resposta poderia ser ainda mais completa se abordasse as limitações e desafios enfrentados pelas Agências Reguladoras em termos de independência.",7.5
114,tinyllama-1.1b,5.5,"A resposta apresenta repetições excessivas (itens 1 e 2 idênticos) e utiliza termos imprecisos como 'dessemestria'. A autonomia das agências reguladoras no Direito Público brasileiro deve ser analisada com base na Constituição Federal (art. 21, incisos) e na teoria da desconcentração administrativa, aspectos não devidamente desenvolvidos. A estrutura lógica e a fundamentação jurídica são insuficientes.",2.0,"A resposta apresentada contém afirmações genéricas e não precisa sobre a autonomia das Agências Regulaoras no Direito Público brasileiro. A independência máxima não é um conceito jurídico preciso e não está de acordo com a legislação brasileira. A autonomia das Agências Regulaoras é regulamentada pela Lei nº 9.784/1999 e pela Lei nº 13.303/2016, que estabelecem critérios e limites para a independência dessas entidades.",3.75
115,phi-3-mini,6.5,"A resposta corretamente identifica os requisitos constitucionais para desapropriação (justificativa, indenização, processo administrativo e licitação), mas comete erros técnicos: 1) Citação indevida do CDC/88 (não aplicável a desapropriação); 2) Artigo 141 da CF/88 (relacionado ao Ministério Público, não à desapropriação); 3) Obrigação de licitação não é exigência constitucional para desapropriação, mas sim para obras públicas. Os princípios mencionados (legalidade, etc.) são corretos, mas a fundamentação jurídica apresenta imprecisões.",9.5,A resposta jurídica apresenta uma análise precisa e completa dos requisitos e princípios que regem a desapropriação sob a Constituição Federal. A menção a artigos específicos da CF/88 e do CDC/88 demonstra conhecimento avançado da matéria. A única sugestão é a inclusão de uma breve justificativa para a escolha dos artigos mencionados.,8.0
115,qwen2-1.5b,5.5,"A resposta apresenta uma estrutura confusa e utiliza termos jurídicos não consagrados (como 'legítima austeridade', 'legítima proporcionalidade de custos'), misturando conceitos de direito administrativo com princípios constitucionais. Falta referência direta aos dispositivos constitucionais (art. 5º, XXIV e art. 19) e omite requisitos essenciais como a necessidade de lei específica e indenização justa. A formulação dos requisitos é redundante e tecnicamente imprecisa.",7.2,"A resposta apresenta uma lista de requisitos constitucionais para desapropriação, mas apresenta algumas falhas técnicas. A lista apresentada não é completa e alguns requisitos não estão corretamente definidos. Além disso, a resposta não apresenta exemplos concretos ou jurisprudências para ilustrar os requisitos. A nota final é 7,2, pois a resposta apresenta uma boa estrutura e alguns requisitos importantes, mas precisa de mais precisão e detalhes.",6.35
115,tinyllama-1.1b,3.5,"A resposta apresenta uma estrutura formal, mas carece de conteúdo técnico específico sobre desapropriação. Não há menção a dispositivos constitucionais relevantes (como art. 5º, XLI, e art. 19 da CF/88), tampouco aborda os requisitos essenciais de interesse público, legalidade, e indenização. O texto é genérico e repete conceitos de administração pública sem conexão direta com o tema da pergunta.",2.5,"A resposta apresenta uma estrutura técnica e fundamentada, mas apresenta alguns erros conceituais e falta de clareza em relação aos requisitos constitucionais. Além disso, a resposta não aborda a questão da desapropriação de forma direta e específica.",3.0
116,phi-3-mini,6.5,"A resposta aponta corretamente a possibilidade de alteração de contratos administrativos em razão da finalidade pública, mas comete imprecisões técnicas: (i) o art. 60, II, CF refere-se a emendas constitucionais, não a contratos administrativos; (ii) a instabilidade do objeto não decorre da 'natureza imprevisível do ato administrativo', mas da necessidade de adaptar-se a políticas públicas em constante evolução; (iii) o STF não estabelece 'equidade' como limite constitucional, mas sim os princípios da Administração Pública (art. 37, CF).",8.5,"A resposta apresenta uma boa compreensão da natureza dos contratos administrativos e da importância da estabilidade do objeto. No entanto, a afirmação de que a Constituição Federal estabelece que os contratos administrativos devem ter objeto definido é parcialmente incorreta, pois o art. 60, II, CF se refere à natureza jurídica dos contratos administrativos, não especificamente ao objeto. Além disso, a resposta poderia ter sido mais clara ao explicar como a modificação do objeto deve estar dentro dos limites dos princípios da eficiência e equidade.",7.5
116,qwen2-1.5b,5.5,"A resposta apresenta imprecisões técnicas. A instabilidade dos contratos administrativos não decorre da mutabilidade do objeto, mas sim da possibilidade de modulação pelo Poder Público em razão do interesse público. Além disso, exemplos como 'emissão de identidades' não configuram contratos administrativos, mas atos administrativos unilaterais. A definição confunde-se com a de atos administrativos.",7.5,"A resposta apresenta uma boa compreensão dos contratos administrativos, mas não aborda completamente a questão da instabilidade. A instabilidade é mencionada, mas não é explorada de forma aprofundada.",6.5
116,tinyllama-1.1b,4.5,"A resposta aborda a instabilidade dos contratos administrativos com referência a causas e efeitos, mas apresenta imprecisões conceituais. A instabilidade jurídica administrativa refere-se à possibilidade de modificação ou rescisão do contrato por interesse público, conforme previsto na Lei 8.666/1993, art. 73, e não apenas a desintegração do objeto. A resposta confunde o conceito com falhas contratuais e omite a base legal específica.",2.0,"A resposta apresentada contém conceitos jurídicos vagos e imprecisos. A 'instabilidade' dos contratos administrativos não é definida como a 'desintegração de um objeto que corresponde a um contrato administrativo'. Além disso, a resposta apresenta uma série de conceitos jurídicos confusos e imprecisos, como 'deslocamento das reivindicações e responsabilidades', 'conflitos entre os contratantes', 'abandono de ações' e 'falta de comprometimento'. A resposta também não apresenta uma análise clara e precisa da instabilidade nos contratos administrativos.",3.25
117,phi-3-mini,6.5,"A resposta identifica corretamente a violação do direito administrativo no desvio de funções, mas não fundamenta juridicamente a justificativa da efetivação após 4 anos. Faltam referências a dispositivos legais (ex.: art. 15 da Lei 8.112/90) e análise sobre a aplicabilidade do princípio da segurança jurídica.",8.5,"A resposta apresenta uma boa compreensão do tema, destacando a violação de direito administrativo e a incompatibilidade com a legislação e regulamentos em vigor. No entanto, poderia ser mais explícita na análise da efetivação dos agentes após 4 anos.",7.5
117,qwen2-1.5b,6.5,"A resposta aponta corretamente que a efetivação do concurso público não deve ser adiada, conforme preceituado no art. 37, inciso II, da CF/88. No entanto, há contradição no texto final ao afirmar que a efetivação 'deve ser adiada', o que invalida parte da argumentação. A menção a 'rotatividade' como problema principal é imprecisa, devendo-se focar no dever de efetivação imediata após a posse, conforme jurisprudência do STF e STJ. A resposta carece de referência a dispositivos legais específicos (como o art. 23 da Lei 8.112/90) e não aborda a responsabilidade do Poder Público por mora na efetivação.",8.5,"A resposta apresentada é tecnicamente correta, pois a efetivação do concurso deve ocorrer imediatamente após a posse dos candidatos nomeados. A explicação técnica apresentada é clara e concisa, destacando a importância de cumprir o compromisso jurídico e ético de efetivar o concurso de forma completa e imediata. No entanto, há uma pequena incoerência na resposta, pois a alternativa B sugere que a efetivação do concurso não deve ser adiada, enquanto a explicação técnica defende que a efetivação deve ocorrer imediatamente. Essa incoerência não afeta a nota final, pois a resposta é tecnicamente correta.",7.5
117,tinyllama-1.1b,2.5,"A resposta contém erros técnicos graves: (i) 'quaerces' é termo inexistente no direito brasileiro (deveria ser 'quatro'); (ii) 'efeciência' é grafia incorreta de 'eficiência'; (iii) a promoção à eficiência no cargo de delegado não se dá automaticamente após 4 anos, mas mediante concurso público ou promoção funcional conforme Lei 8.112/90; (iv) a seleção de delegados segue processo específico previsto na Lei 10.826/03, não sendo 'desviado das funções do delegado' como afirmado.",2.0,"A resposta contém erros de gramática e ortografia, além de incoerências lógicas. A expressão 'quaerces' é incorreta e deve ser substituída por 'quatro'. Além disso, a expressão 'vinte agente' é ambígua e deve ser substituída por 'vinte agentes' ou 'vinte agentes de delegado'. A expressão 'efeciência' é incorreta e deve ser substituída por 'eficiência'.",2.25
118,phi-3-mini,8.5,"A resposta aborda corretamente o conceito de poder discricionário da Administração Pública, destacando seus limites legais e a proibição de abuso. No entanto, omitiu a menção ao princípio da proporcionalidade e à necessidade de motivação das decisões, elementos essenciais na análise jurídica do tema. A formulação 'aplicação abusiva ou discricionária' apresenta imprecisão terminológica, devendo ser corrigida para 'abuso do poder discricionário'.",8.5,"A resposta apresenta uma compreensão clara do conceito de Poder Discricionário da Administração Pública, destacando a importância da limitação por meio da legislação e das regras de procedimento. No entanto, poderia ser mais explícito na definição de 'abusiva' e 'discricionária'.",8.5
118,qwen2-1.5b,4.5,"A resposta contém imprecisões técnicas ao afirmar que o agente público administrativo 'não pode exercer o Poder discricionário', quando, na verdade, o Poder discricionário é justamente o exercício de autonomia do administrador dentro dos limites legais. Além disso, as 'exceções' listadas (atos de ordem pública, interesse público etc.) não correspondem ao conceito jurídico formal de Poder discricionário, mas sim a seus possíveis campos de aplicação. A resposta carece de referência à teoria administrativa clássica (como a distinção entre Poder vinculado e discricionário) e não aborda a necessidade de legalidade e razoabilidade na sua aplicação.",2.5,"A resposta apresenta conceitos básicos sobre o Poder discricionário, mas apresenta erros significativos. O agente público administrativo pode exercer o Poder discricionário, pois é uma característica do poder administrativo. Além disso, as exceções apresentadas não são claras e precisas. A resposta também não apresenta uma visão crítica e analítica sobre o tema.",3.5
118,tinyllama-1.1b,2.5,"A resposta contém incoerências técnicas: o poder discricionário é, sim, exercido pela Administração Pública dentro dos limites legais, sendo um conceito fundamental do Direito Administrativo. A afirmação de que 'não se admitem que o agente público administrativo exerça o Poder discricionário' é juridicamente incorreta, pois o poder discricionário é justamente a faculdade da Administração de escolher meios e formas para atingir fins legais.",2.0,"A resposta contém erros conceituais sobre o Poder discricionário. O Poder discricionário é, na verdade, um dos poderes do Estado, exercido pela Administração Pública, que lhe permite tomar decisões baseadas em critérios subjetivos e discricionários. O agente público administrativo pode exercer o Poder discricionário, desde que dentro dos limites da lei e da Constituição. A Administração Pública não é um órgão público que administra os órgãos governamentais, mas sim o conjunto de entidades e órgãos que executam as políticas públicas.",2.25
