nota_final,acuracia_diretriz,parecer_tecnico,erro_tecnico_grave,id_pergunta,modelo_avaliado
0.0,0.0,"Não foi possível avaliar a resposta com base na diretriz técnica oficial, pois a diretriz não foi fornecida. Portanto, não é possível determinar se a resposta está em conformidade com a diretriz.",True,107,phi-3-mini
4.5,0.0,"A resposta apresentada não está em conformidade com a diretriz oficial, pois não há diretriz oficial fornecida para comparação. No entanto, a resposta aborda o princípio da competência entre os entes federativos e menciona o artigo 116 da Constituição Federal, que não é relevante para o tema. Além disso, a resposta apresenta uma divisão da competência em categorias que não é clara ou precisa. Portanto, a acurácia da diretriz é zero, pois não há diretriz para comparar.",True,107,qwen2-1.5b
0.0,0.0,"A resposta não apresenta nenhuma relação com a diretriz oficial, pois não há diretriz fornecida para comparação. Além disso, a resposta carece de dispositivos legais específicos e não aborda uma tese jurídica principal clara.",True,107,tinyllama-1.1b
8.5,0.0,"A resposta apresentada não está em conformidade com a diretriz oficial, pois não há diretriz oficial fornecida. No entanto, a resposta demonstra conhecimento sobre Medidas Provisórias, citando dispositivos legais relevantes como o artigo 84 da Constituição Federal. A resposta aborda a força de lei das Medidas Provisórias, suas limitações e a necessidade de conversão em lei, mostrando uma compreensão geral do tema.",False,108,phi-3-mini
4.5,0.0,"A resposta apresentada não está em conformidade com a diretriz técnica oficial, pois não há diretriz fornecida para comparação. No entanto, é possível avaliar a precisão dos artigos e a coerência da resposta. A resposta aborda o conceito de Medida Provisória e sua força de lei, mas apresenta informações imprecisas e contraditórias, como a necessidade de regulamentação pelo presidente do STF. Além disso, a resposta não cita dispositivos legais específicos, o que dificulta a avaliação da precisão dos artigos.",True,108,qwen2-1.5b
0.0,0.0,"A resposta não apresenta nenhuma relação com a diretriz técnica oficial, pois a diretriz não foi fornecida. Além disso, a resposta parece ser uma pergunta e não uma afirmação correta sobre o tema.",True,108,tinyllama-1.1b
0.0,0.0,"A resposta não pode ser avaliada devido à falta da diretriz oficial. Portanto, não é possível comparar a resposta com a diretriz para verificar o alinhamento ou a precisão dos artigos.",True,109,phi-3-mini
0.0,0.0,"A resposta não está em conformidade com a diretriz técnica oficial, pois não há diretriz fornecida para comparar. Além disso, a resposta apresentada contém informações inconsistentes e não relacionadas ao tema, como a menção ao artigo 7º da Constituição Federal, que não existe. A resposta também apresenta repetições e afirmações contraditórias.",True,109,qwen2-1.5b
2.0,0.0,"A resposta não apresenta alinhamento com a diretriz técnica oficial, pois não há diretriz fornecida para comparação. No entanto, a resposta apresenta conceitos jurídicos relacionados à atuação do Supremo Tribunal Federal e à Constituição do Brasil, mas sem um contexto claro de aplicação. A menção ao art. 53 da Constituição sugere uma tentativa de aplicar dispositivos legais, mas sem uma diretriz específica para avaliar a precisão desses artigos.",True,109,tinyllama-1.1b
8.0,0.0,"A resposta apresentada não se alinha com uma diretriz específica fornecida, pois não há diretriz oficial disponível para comparação. No entanto, a resposta aborda conceitos relevantes sobre a Administração Pública, como o exercício de prerrogativas, poderes-dever, equilíbrio entre eficiência administrativa e direitos individuais, e a necessidade de atuação conforme a Constituição e legislação vigentes. A falta de uma diretriz oficial para comparação impossibilita uma avaliação precisa da acurácia em relação a dispositivos legais específicos.",False,110,phi-3-mini
8.5,0.0,"A resposta apresentada aborda aspectos relevantes do direito administrativo, especialmente em relação à imposição de penas a servidores públicos, citando leis específicas como a Lei nº 8112/90 e a Lei nº 9784/98. No entanto, não há uma diretriz oficial fornecida para comparar a resposta, o que impossibilita uma avaliação precisa do alinhamento com a diretriz. A resposta demonstra conhecimento sobre a necessidade de cumprimento das fases do processo administrativo e a importância da fundamentação técnica e legal para a imposição de penas, especialmente a de demissão.",False,111,phi-3-mini
2.0,0.0,"A resposta do candidato não está em conformidade com a diretriz técnica oficial, pois não há diretriz fornecida para comparação. Além disso, a resposta apresenta uma linha de raciocínio confusa e repetitiva, sem citar dispositivos legais específicos para fundamentar as afirmações. A resposta se baseia em suposições e não apresenta uma análise clara e objetiva do tema.",True,111,qwen2-1.5b
4.5,0.0,"A resposta do candidato não apresenta alinhamento com a diretriz técnica oficial, pois não há diretriz fornecida para comparação. No entanto, a resposta apresenta uma estrutura lógica e cita leis relevantes (Lei nº 8112/90 e Lei 9784/98), que são aplicáveis a procedimentos administrativos disciplinares. A falta de diretriz oficial impede uma avaliação precisa do alinhamento, mas a resposta demonstra conhecimento das leis aplicáveis.",False,111,tinyllama-1.1b
0.0,0.0,"A resposta não pode ser avaliada devido à falta da diretriz oficial. Portanto, não é possível comparar a resposta com a diretriz para verificar o alinhamento ou a precisão dos artigos.",True,112,phi-3-mini
0.0,0.0,"A resposta não apresenta nenhuma relação com a diretriz oficial, pois não há diretriz fornecida. Portanto, não é possível avaliar a conformidade da resposta com a diretriz. Além disso, a resposta apresenta uma série de afirmações genéricas sobre obrigações do proprietário, mas não há um contexto claro ou dispositivos legais específicos citados para fundamentar essas afirmações.",True,112,qwen2-1.5b
0.0,0.0,"A resposta não apresenta nenhuma relação com a diretriz técnica oficial, pois não há diretriz fornecida para comparação. Além disso, a resposta parece ser um enunciado de uma questão e não uma resposta propriamente dita.",True,112,tinyllama-1.1b
0.0,0.0,"Não foi possível avaliar a resposta em conformidade com a diretriz técnica oficial, pois a diretriz não foi fornecida. Portanto, não é possível determinar se a resposta está alinhada com a diretriz ou se os dispositivos legais citados estão corretos.",True,113,phi-3-mini
8.5,0.0,"A resposta apresentada aborda o conceito de poder de polícia e sua importância para a preservação da ordem e segurança pública, destacando a necessidade de equilíbrio entre a segurança e o respeito aos direitos fundamentais. No entanto, não há uma diretriz oficial fornecida para comparar a resposta, o que impossibilita uma avaliação precisa da conformidade com a diretriz. A resposta apresenta uma abordagem geral sobre o poder de polícia, mencionando a necessidade de regulamentação clara e transparente, mas não cita dispositivos legais específicos.",False,113,qwen2-1.5b
4.5,0.0,"A resposta apresentada não se alinha com a diretriz oficial fornecida, pois não há diretriz para comparar. No entanto, a resposta aborda o conceito de poder de polícia de forma geral, mencionando sua importância para a proteção da sociedade e a garantia da segurança pública. A resposta carece de precisão e profundidade jurídica, não citando dispositivos legais específicos ou doutrinas que fundamentem as assertivas apresentadas.",True,113,tinyllama-1.1b
0.0,0.0,"A resposta não pode ser avaliada devido à falta da diretriz oficial. Portanto, não é possível comparar a resposta com a diretriz para verificar o alinhamento ou a precisão dos artigos.",True,114,phi-3-mini
0.0,0.0,"A resposta não está em conformidade com a diretriz técnica oficial, pois não há diretriz fornecida para comparação. Portanto, não é possível avaliar a precisão dos artigos ou o alinhamento com a diretriz.",True,114,qwen2-1.5b
0.0,0.0,"A resposta não apresenta nenhuma relação com a diretriz oficial, pois não há diretriz fornecida. Além disso, a resposta apresentada parece ser uma repetição de frases sem uma estrutura lógica clara ou dispositivos legais específicos.",True,114,tinyllama-1.1b
8.5,0.0,"A resposta apresentada aborda aspectos relevantes da desapropriação sob a Constituição Federal, destacando a necessidade de justificativa socioeconômica, compensação justa, processo administrativo transparente e participativo, e licitação pública. No entanto, não há uma diretriz oficial fornecida para comparar a resposta, o que impossibilita a avaliação da acurácia em relação à diretriz. Os artigos citados parecem estar relacionados a diferentes aspectos do direito, incluindo a Constituição Federal e o Código de Defesa do Consumidor, mas sem a diretriz, não é possível avaliar a precisão dos artigos em relação ao tema específico.",False,115,phi-3-mini
8.5,0.0,"A resposta apresentada aborda os requisitos constitucionais para desapropriação de forma detalhada e coerente, mencionando aspectos como legítima finalidade, interesse público, proporcionalidade, austeridade, adequação, justiça e legalidade. No entanto, não há uma diretriz oficial fornecida para comparar a resposta, o que impossibilita uma avaliação precisa do alinhamento com a diretriz. Os dispositivos legais citados não estão presentes explicitamente, mas os conceitos abordados refletem princípios constitucionais e legais gerais aplicáveis à desapropriação.",False,115,qwen2-1.5b
2.0,0.0,"A resposta não apresenta alinhamento com a diretriz oficial, pois não há diretriz fornecida para comparação. Além disso, a resposta parece abordar conceitos gerais de administração pública e desapropriação, mas não apresenta dispositivos legais específicos ou uma estrutura clara que permita uma avaliação precisa.",True,115,tinyllama-1.1b
4.5,0.0,"A resposta apresentada não se alinha com nenhuma diretriz técnica oficial fornecida, pois não há diretriz para comparar. No entanto, a resposta aborda um tema relevante sobre contratos administrativos, mencionando a necessidade de objeto definido de acordo com a Constituição Federal e a possibilidade de alterações dentro dos limites dos princípios da eficiência e equidade. A falta de uma diretriz específica para avaliar a resposta torna a análise subjetiva.",True,116,phi-3-mini
0.0,0.0,"A resposta não está em conformidade com a diretriz técnica oficial, pois não há diretriz fornecida para comparação. Além disso, a resposta apresentada não cita dispositivos legais específicos e não aborda uma tese jurídica principal clara.",True,116,qwen2-1.5b
0.0,0.0,"A resposta não apresenta nenhuma relação com a diretriz oficial, pois não há diretriz fornecida para comparação. Além disso, a resposta carece de dispositivos legais específicos e não apresenta uma tese jurídica principal clara. Portanto, não é possível avaliar a precisão dos artigos ou o alinhamento com a diretriz.",True,116,tinyllama-1.1b
4.5,0.0,"A resposta apresentada não se alinha com nenhuma diretriz técnica oficial fornecida, pois não há diretriz para comparar. No entanto, a resposta parece abordar um tema relacionado a direito administrativo, mencionando a violação de direitos e a necessidade de conformidade com legislação e regulamentos. A falta de uma diretriz oficial para comparar limita a avaliação da precisão e alinhamento da resposta.",True,117,phi-3-mini
0.0,0.0,"A resposta não está em conformidade com a diretriz técnica oficial, pois não há diretriz fornecida para comparação. Além disso, a explicação técnica apresentada contém contradições e não fornece uma base jurídica clara para a alternativa escolhida.",True,117,qwen2-1.5b
0.0,0.0,"A resposta não apresenta nenhuma relação com a diretriz oficial, pois a diretriz não foi fornecida. Além disso, a resposta contém termos e conceitos que não são claros ou precisos, como 'quaerces' e 'efeciência no cargo', que não são reconhecidos como termos técnicos ou jurídicos válidos.",True,117,tinyllama-1.1b
0.0,0.0,"Não foi possível avaliar a resposta em conformidade com a diretriz técnica oficial, pois a diretriz não foi fornecida. Portanto, não é possível comparar a resposta com a diretriz.",True,118,phi-3-mini
4.5,0.0,"A resposta apresentada não está em conformidade com a diretriz oficial, pois não há diretriz oficial fornecida para comparação. No entanto, a resposta aborda o conceito de Poder discricionário da Administração Pública de forma geral, mencionando suas aplicações e limitações. A falta de uma diretriz oficial para comparar torna difícil avaliar a precisão e o alinhamento da resposta.",True,118,qwen2-1.5b
2.0,0.0,"A resposta não apresenta alinhamento com a diretriz técnica oficial, pois não há diretriz fornecida para comparação. Além disso, a resposta contém afirmações contraditórias e imprecisas sobre o Poder discricionário da Administração Pública, não apresentando dispositivos legais específicos para fundamentar suas assertivas.",True,118,tinyllama-1.1b
