nota_desembargador,parecer_tecnico,modelo_revisor,id_pergunta,modelo_avaliado
4.2,"A resposta do candidato demonstra uma compreensão razoável da distribuição de competências entre a União e os Estados-membros no que tange à legislação sobre ensino, conforme estabelecido pelo artigo 225 da Constituição Federal. No entanto, a análise poderia ser mais aprofundada, especialmente no que diz respeito à interseção entre a competência concorrente e a necessidade de respeitar as cláusulas pétreas e os tratados internacionais. Além disso, a menção à necessidade de verificar a violação de cláusulas da Constituição Federal ou de tratados internacionais é pertinente, mas poderia ser mais detalhada e específica. A terminologia utilizada é, em geral, precisa, mas a fundamentação legal poderia ser mais robusta com a citação de precedentes jurisprudenciais ou doutrina relevante.",llama-3.3-70b,107,phi-3-mini
4.2,"A resposta do candidato apresenta uma boa compreensão do princípio da competência entre os entes federativos, conforme previsto no artigo 116 da Constituição Federal. No entanto, a categorização da competência em três categorias principais (competência de competência, competência de competência associada e competência de competência subordinada) não é exatamente como estabelecido na doutrina jurídica. A competência pode ser classificada em exclusiva, concorrente e residual, de acordo com a Constituição Federal. Além disso, a resposta poderia ter sido mais precisa e direta em relação à questão proposta, que parece ter sido truncada. A fundamentação legal está presente, mas poderia ser mais aprofundada e técnica. O uso de termos técnicos é adequado, mas poderia ser mais preciso e consistente.",llama-3.3-70b,107,qwen2-1.5b
4.2,"A resposta apresentada pelo candidato demonstra uma compreensão razoável da questão, abordando a responsabilidade do Estado-membro na educação e a importância de uma disciplinar uniforme para a data de vencimento das mensalidades. No entanto, a profundidade da tese jurídica poderia ser mais aprofundada, com menções específicas a leis ou regulamentações que fundamentem a competência do Estado-membro nessa área. Além disso, a precisão da terminologia e citação poderia ser melhorada, com o uso de termos técnicos mais precisos e referências a fontes jurídicas relevantes. O candidato também poderia ter explorado mais a motivação e os critérios de aceitação, oferecendo uma análise mais detalhada dos benefícios e implicações da disciplinar uniforme para a educação.",llama-3.3-70b,107,tinyllama-1.1b
4.8,"A resposta do candidato demonstra uma compreensão aprofundada da Medida Provisória e sua força de lei, conforme estabelecido no artigo 84 da Constituição Federal. A menção ao Decreto Lei nº 3.242/56 e à decisão do Tribunal Superior Eleitoral em 2007 adiciona precisão e fundamentação legal à argumentação. No entanto, a citação do artigo 1° da Lei 1.095/54 parece ser um erro, pois não há evidências de que essa lei exista ou seja relevante para o tema. Além disso, a resposta poderia ser mais clara e concisa em alguns pontos, mas em geral, demonstra um excelente domínio da matéria e do uso de termos técnicos.",llama-3.3-70b,108,phi-3-mini
4.2,"A resposta do candidato demonstra uma compreensão geral da Medida Provisória como instrumento jurídico com força de lei, mas carece de precisão em alguns aspectos. A afirmação de que a Medida Provisória não é uma lei em si, mas tem força de lei, está correta. No entanto, a menção à regulamentação pela parte do presidente do Supremo Tribunal Federal (STF) e a referência específica à MP 67/2004 não são precisas, pois a regulamentação e o controle das Medidas Provisórias envolvem processos mais amplos e complexos, incluindo a apreciação pelo Congresso Nacional. Além disso, a autonomia técnica e administrativa da Medida Provisória é um conceito que pode ser discutido, pois sua eficácia e validade dependem de aprovação e regulamentação posteriores. Em termos de profundidade da tese jurídica, a resposta alcança 4 pontos, e em precisão da terminologia e citação, atinge 4,2 pontos, resultando em uma nota final de 4,2.",llama-3.3-70b,108,qwen2-1.5b
2.5,"A resposta do candidato é insuficiente e não apresenta uma análise jurídica aprofundada. A Medida Provisória é um ato normativo com força de lei, editado pelo Presidente da República, que tem como objetivo resolver situações de urgência ou interesse público. No entanto, a resposta não apresenta uma fundamentação legal clara e não cita a legislação pertinente, como o artigo 62 da Constituição Federal. Além disso, a resposta não apresenta uma discussão sobre a natureza jurídica da Medida Provisória e sua relação com o processo legislativo.",llama-3.3-70b,108,tinyllama-1.1b
4.2,"A resposta apresenta uma boa compreensão do processo de declaração de inconstitucionalidade de lei federal pelo Supremo Tribunal Federal, conforme estabelecido no artigo 102 da Constituição Federal, e não no artigo 104, que não existe. Além disso, a menção à ação direta de inconstitucionalidade e à ação rescisória demonstra conhecimento das vias processuais adequadas. No entanto, a resposta poderia ser aprimorada com a citação de dispositivos legais específicos e a análise mais aprofundada das implicações jurídicas da declaração de inconstitucionalidade. A terminologia utilizada é precisa, mas a fundamentação legal poderia ser mais robusta.",llama-3.3-70b,109,phi-3-mini
2.5,"A resposta do candidato apresenta uma série de afirmações que não estão de acordo com a jurisprudência e a legislação brasileira. Em primeiro lugar, o artigo 7º da Constituição Federal não existe com o teor apresentado. Além disso, as opções apresentadas não refletem corretamente o procedimento de declaração de inconstitucionalidade pelo Supremo Tribunal Federal. De acordo com a Constituição Federal, artigo 102, § 2º, quando o Supremo Tribunal Federal declarar a inconstitucionalidade de uma lei ou ato normativo federal, caberá ao Congresso Nacional tomar as providências necessárias. Além disso, a declaração de inconstitucionalidade pode ser feita por meio de ação direta de inconstitucionalidade ou por via incidental, nos termos do artigo 102, I, 'a', da Constituição Federal. Portanto, a resposta do candidato carece de precisão e profundidade jurídica.",llama-3.3-70b,109,qwen2-1.5b
4.2,"A resposta do candidato demonstra uma compreensão razoável da jurisdição do Supremo Tribunal Federal e de seu papel na declaração de inconstitucionalidade de leis ou atos normativos federais. No entanto, a fundamentação poderia ser mais aprofundada, especialmente em relação à especificidade do artigo 53 da Constituição e sua aplicação prática. Além disso, a precisão da terminologia e a citação de dispositivos legais específicos poderiam ser mais precisas e detalhadas, o que justifica a nota atribuída. O candidato também poderia ter explorado mais a profundidade da tese jurídica, discutindo possíveis implicações e precedentes relevantes.",llama-3.3-70b,109,tinyllama-1.1b
4.2,"A resposta do candidato apresenta uma boa compreensão dos conceitos jurídicos relacionados às prerrogativas da Administração e ao exercício de poderes-dever. A menção à função social da Administração e à necessidade de equilíbrio entre eficiência administrativa e direitos individuais é precisa e relevante. No entanto, a resposta poderia ser mais aprofundada com a citação de dispositivos legais específicos, como os artigos da Constituição Federal que tratam da Administração Pública, e com a análise de doutrinas jurídicas que fundamentam a existência de 'poderes-dever'. Além disso, a resposta apresenta uma boa estrutura lógica, mas poderia ser mais concisa e objetiva em alguns trechos.",llama-3.3-70b,110,phi-3-mini
3.8,"A resposta do candidato demonstra uma compreensão geral da doutrina do poder-dever, destacando sua natureza irrenunciável e a importância de ser exercido em prol do interesse público. No entanto, a profundidade da tese jurídica é limitada pela repetição excessiva de conceitos semelhantes, o que não permite uma análise mais aprofundada ou crítica da doutrina. A precisão da terminologia é razoável, mas poderia ser melhorada com a inclusão de referências legais ou doutrinárias específicas para fundamentar as afirmações. Além disso, a resposta carece de exemplos concretos ou casos jurisprudenciais que ilustrem a aplicação prática da doutrina do poder-dever, o que seria essencial para uma avaliação mais completa.",llama-3.3-70b,110,qwen2-1.5b
2.5,"A resposta apresentada não atende aos critérios de excelência exigidos. A profundidade da tese jurídica é limitada, e a precisão da terminologia e citação é insuficiente. O texto apresenta erros de tradução e não oferece uma análise rigorosa ou fundamentação legal adequada. Além disso, o texto não está claro ou conciso, o que dificulta a compreensão da mensagem pretendida.",llama-3.3-70b,110,tinyllama-1.1b
4.2,"A resposta apresentada demonstra uma compreensão razoável dos princípios que regem a administração federal, especialmente no que tange ao processo administrativo disciplinar e à aplicação de penas aos servidores. A menção à Lei nº 8112/90 e à Lei 9784/98 é pertinente, pois essas leis tratam do regime jurídico dos servidores públicos civis da União, das autarquias e das fundações públicas federais, e do processo administrativo, respectivamente. No entanto, a resposta poderia ser mais profunda e técnica, com uma análise mais detalhada dos requisitos legais para a imposição da pena de demissão e a necessidade de fundamentação da decisão. Além disso, a citação de jurisprudência ou doutrina relevante poderia enriquecer a argumentação.",llama-3.3-70b,111,phi-3-mini
3.8,"A resposta do candidato apresenta uma análise razoável da questão, demonstrando compreensão da distinção entre as penas de advertência e demissão. No entanto, a fundamentação legal poderia ser mais robusta, com citações específicas de leis ou regulamentos que regem a matéria. Além disso, a resposta apresenta certa redundância e falta de clareza em alguns trechos, o que pode dificultar a compreensão do argumento. Em termos de precisão da terminologia, o candidato utiliza corretamente termos como 'direito de manifestação', 'pena de demissão' e 'ato de improbidade', mas poderia explorar mais aprofundadamente a legislação pertinente. Portanto, a nota reflete a compreensão geral da questão, mas sugere a necessidade de aprimoramento na fundamentação legal e na clareza da exposição.",llama-3.3-70b,111,qwen2-1.5b
3.8,"A resposta do candidato apresenta uma boa compreensão do procedimento administrativo disciplinar e da aplicação das leis pertinentes, como a Lei nº 8112/90 e a Lei 9784/98. No entanto, falta profundidade na análise da tese jurídica, pois não são discutidos detalhadamente os princípios que regem a aplicação das penalidades, como o princípio da proporcionalidade e o direito de defesa. Além disso, a terminologia utilizada é, em geral, correta, mas poderia ser mais precisa e técnica em alguns pontos, como na menção à 'comprvação de ato de improbidade', que parece ser um erro de digitação ou de conceito. A fundamentação legal está presente, mas poderia ser mais robusta com a citação de dispositivos específicos das leis mencionadas e a análise de jurisprudência relevante.",llama-3.3-70b,111,tinyllama-1.1b
4.2,"A resposta apresenta uma compreensão razoável das restrições impostas pelo tombamento, destacando as obrigações negativas relacionadas à preservação do valor histórico e cultural do imóvel. No entanto, falta uma análise mais aprofundada sobre a fundamentação legal específica que sustenta essas restrições, como o Decreto-Lei nº 25/1937 e a Constituição Federal. Além disso, a terminologia técnica poderia ser mais precisa e consistente, com menções a conceitos jurídicos como 'direito de propriedade', 'interferência estatal' e 'preservação do patrimônio cultural'. A exclusão da alternativa 5 está correta, pois a obrigação de venda não é uma restrição típica do tombamento.",llama-3.3-70b,112,phi-3-mini
4.2,"A resposta do candidato apresenta uma compreensão razoável das obrigações do proprietário em relação ao tombamento de propriedade. No entanto, a profundidade da tese jurídica poderia ser mais aprofundada, especialmente em relação às implicações legais e constitucionais do tombamento. A precisão da terminologia é boa, mas poderia ser mais precisa em relação ao uso de termos técnicos específicos do direito de propriedade e do tombamento. A fundamentação legal é razoável, mas poderia ser mais robusta com a citação de dispositivos legais específicos e a análise de jurisprudência relevante. A resposta correta, a alternativa 6, destaca a importância da responsabilidade legal e penal do proprietário, o que é um aspecto fundamental do tombamento.",llama-3.3-70b,112,qwen2-1.5b
2.5,"A resposta apresentada carece de profundidade jurídica e precisão terminológica. O conceito de tombamento está relacionado à preservação do patrimônio cultural, histórico ou ambiental, e a intervenção do Estado na propriedade privada pode ocorrer por meio de various instrumentos jurídicos, como o tombamento provisório ou definitivo, a desapropriação, ou a instituição de servidões administrativas. No entanto, a resposta não apresenta uma análise clara e fundamentada sobre as formas pelas quais o Estado pode intervir na propriedade privada para fins de tombamento, nem cita as bases legais específicas que autorizam tais intervenções, como o Decreto-Lei nº 25, de 1937, ou a Constituição Federal de 1988.",llama-3.3-70b,112,tinyllama-1.1b
4.2,"A resposta apresentada pelo candidato demonstra uma compreensão razoável do conceito de poder de polícia e sua relação com a intervenção estatal na liberdade individual e nos direitos de propriedade. No entanto, falta uma análise mais aprofundada sobre a fundamentação legal específica que sustenta essa prerrogativa, como os artigos da Constituição Federal que tratam do tema. Além disso, a menção ao controle judiciário é pertinente, mas poderia ser mais detalhada, especialmente em relação aos mecanismos processuais disponíveis para garantir a legalidade e respeitar os direitos fundamentais. A terminologia utilizada é adequada, mas a resposta poderia se beneficiar de uma citação direta de dispositivos legais relevantes para reforçar a argumentação.",llama-3.3-70b,113,phi-3-mini
4.2,"A resposta do candidato apresenta uma boa compreensão do conceito de poder de polícia e sua importância para a preservação da ordem e segurança pública. No entanto, falta uma análise mais aprofundada sobre as limitações constitucionais e a necessidade de equilíbrio entre a segurança pública e os direitos fundamentais. Além disso, a resposta poderia ser enriquecida com referências a dispositivos constitucionais específicos e doutrina jurídica relevante. A terminologia utilizada é precisa, mas poderia ser mais técnica e especializada.",llama-3.3-70b,113,qwen2-1.5b
4.2,"A resposta do candidato apresenta uma compreensão geral do conceito de poder de polícia e sua importância para a proteção da sociedade. No entanto, falta profundidade na análise, pois não são citados dispositivos legais específicos que fundamentem a limitação do exercício da liberdade ou das faculdades de proprietário. Além disso, a menção à decisão da Suprema Corte carece de precisão, pois não é especificada qual decisão ou qual é o teor da mesma. A terminologia utilizada é adequada, mas poderia ser mais precisa e técnica em alguns pontos, como na definição do poder de polícia e suas atribuições.",llama-3.3-70b,113,tinyllama-1.1b
4.2,"A resposta apresenta uma boa compreensão da autonomia das Agências Reguladoras no Direito Público brasileiro, citando corretamente a base constitucional. No entanto, falta uma análise mais aprofundada sobre os limites e as implicações dessa autonomia, bem como a menção a outros dispositivos legais relevantes, como a Lei nº 9.649/98, que trata da organização da Presidência da República e dos Ministérios. Além disso, a precisão da terminologia é adequada, mas poderia ser mais rica com a inclusão de conceitos como 'independência funcional' e 'accountability'.",llama-3.3-70b,114,phi-3-mini
4.2,"A resposta do candidato apresenta uma boa compreensão do conceito de autonomia das Agências Reguladoras no Direito Público brasileiro, destacando a importância da independência técnica e financeira. A fundamentação legal é razoável, embora não seja extremamente profunda ou detalhada. O uso de termos técnicos é preciso, mas poderia ser mais amplo e específico. A resposta também carece de citações diretas de leis ou regulamentos que fundamentem as assertivas feitas. No entanto, a estrutura lógica e a clareza da exposição são notáveis, o que facilita a compreensão do tema. Para alcançar a excelência, seria necessário um aprofundamento na análise jurídica e uma maior precisão na citação de fontes legais.",llama-3.3-70b,114,qwen2-1.5b
3.5,"A resposta do candidato apresenta uma compreensão básica sobre a autonomia das Agências Reguladoras no Direito Público brasileiro, mas carece de profundidade e precisão técnica. A repetição de ideias e a falta de fundamentação legal específica são pontos negativos. Além disso, a resposta não apresenta uma estrutura lógica e coerente, o que dificulta a compreensão do tema.",llama-3.3-70b,114,tinyllama-1.1b
4.2,"A resposta apresentada demonstra uma compreensão razoável dos requisitos constitucionais para desapropriação, incluindo justificativa socioeconômica, compensação justa, processo administrativo transparente e licitação pública. No entanto, a fundamentação legal poderia ser mais precisa e detalhada, especialmente em relação aos artigos citados da Constituição Federal e do Código Civil. Além disso, a menção ao Código de Defesa do Consumidor (CDC) parece deslocada no contexto de desapropriação. A resposta também poderia explorar mais profundamente os princípios de legalidade, impessoalidade, publicidade e proporcionalidade na desapropriação.",llama-3.3-70b,115,phi-3-mini
4.2,"A resposta do candidato apresenta uma boa compreensão dos requisitos constitucionais para desapropriação, abordando aspectos como legítima finalidade, interesse público, proporcionalidade, austeridade, adequação, justiça e legalidade. No entanto, a resposta poderia ser mais precisa e detalhada em relação à fundamentação legal específica, como a menção expressa à Constituição Federal e às leis infraconstitucionais aplicáveis. Além disso, a resposta apresenta alguns pontos de repetição e falta de clareza em relação à distinção entre alguns dos requisitos listados. A utilização de termos técnicos é adequada, mas poderia ser mais precisa e consistente. Em geral, a resposta demonstra um bom conhecimento da matéria, mas carece de profundidade e precisão em alguns aspectos.",llama-3.3-70b,115,qwen2-1.5b
3.8,"A resposta apresentada pelo candidato demonstra uma compreensão geral dos princípios fundamentais da Administração Pública e dos requisitos constitucionais relacionados à desapropriação. No entanto, falta profundidade na análise jurídica e precisão na terminologia técnica. Os pontos abordados são relevantes, mas carecem de fundamentação legal específica e de exemplos concretos que ilustrem a aplicação prática desses princípios. Além disso, a estrutura da resposta poderia ser mais clara e objetiva, com uma distinção mais nítida entre os princípios gerais da Administração Pública e os requisitos constitucionais específicos da desapropriação. A citação de dispositivos legais e jurisprudência relevante seria essencial para reforçar a argumentação e demonstrar um conhecimento mais aprofundado do tema.",llama-3.3-70b,115,tinyllama-1.1b
4.2,"A resposta apresenta uma boa compreensão da natureza dos contratos administrativos e da influência da Constituição Federal sobre esses instrumentos. No entanto, faltou uma análise mais aprofundada sobre a relação entre a instabilidade do objeto e os princípios da administração pública, como o da eficiência e da equidade. Além disso, a menção ao STF poderia ser mais específica, citando precedentes ou decisões relevantes que fundamentem a necessidade de equilíbrio entre a modificação do objeto e os princípios mencionados. A terminologia utilizada é precisa, mas poderia ser enriquecida com mais referências legais e doutrinárias.",llama-3.3-70b,116,phi-3-mini
4.2,"A resposta do candidato apresenta uma boa compreensão dos contratos administrativos e sua característica de instabilidade. No entanto, falta uma análise mais aprofundada sobre a fundamentação legal que sustenta essa instabilidade, como a possibilidade de revisão ou rescisão unilateral pelo poder público devido ao interesse público. Além disso, a resposta poderia ser enriquecida com a menção a dispositivos legais específicos, como o artigo 79 da Lei nº 8.666/1993, que trata da alteração dos contratos administrativos. A terminologia utilizada é precisa, mas poderia ser mais técnica e especializada em alguns pontos.",llama-3.3-70b,116,qwen2-1.5b
3.8,"A resposta do candidato apresenta uma boa compreensão geral do conceito de 'instabilidade' nos contratos administrativos, abordando aspectos como a desintegração do objeto do contrato, o deslocamento de reivindicações e responsabilidades, e os impactos sobre as partes envolvidas. No entanto, a profundidade da tese jurídica poderia ser aprimorada com a inclusão de fundamentos legais específicos e a análise de jurisprudências relevantes. Além disso, a precisão da terminologia e a citação de doutrinas ou leis específicas poderiam ser mais detalhadas para reforçar a argumentação. Em termos de estrutura, a resposta flui de maneira coerente, mas poderia se beneficiar de uma introdução mais clara e de uma conclusão que sintetize os principais pontos.",llama-3.3-70b,116,tinyllama-1.1b
4.2,"A resposta apresentada pelo candidato demonstra uma compreensão razoável da questão jurídica em análise, reconhecendo a violação de direito administrativo no desvio dos vinte primeiros classificados de suas funções originalmente preenchidas como detetive. No entanto, a fundamentação legal poderia ser mais robusta, com menções específicas a leis ou regulamentos aplicáveis. Além disso, a justificativa para a efetivação desses agentes após 4 anos poderia ser mais detalhada, considerando aspectos como a estabilidade, a segurança jurídica e os princípios da administração pública. A precisão da terminologia é adequada, mas poderia ser aprimorada com o uso de conceitos jurídicos mais específicos e a citação de precedentes ou doutrina relevante.",llama-3.3-70b,117,phi-3-mini
4.2,"A resposta do candidato apresenta uma boa compreensão da questão, utilizando termos técnicos como 'efetivação do concurso', 'nomeação' e 'posse'. No entanto, a fundamentação legal poderia ser mais robusta, com citações específicas de leis ou regulamentos que respaldem a argumentação. Além disso, a explicação técnica apresenta uma certa contradição, pois inicialmente afirma que a efetivação do concurso não deve ser adiada, mas posteriormente sugere que a efetivação deve ser adiada para que os aprovados possam se tornar efetivamente nomeados. Essa contradição diminui a clareza e a precisão da argumentação. Em termos de profundidade da tese jurídica, a resposta apresenta uma boa análise da situação, mas poderia ser mais aprofundada com a consideração de aspectos jurídicos adicionais, como a segurança jurídica e a proteção dos direitos dos candidatos. Portanto, a nota atribuída é 4.2, considerando a boa compreensão da questão, mas com necessidade de melhoria na fundamentação legal e na clareza da argumentação.",llama-3.3-70b,117,qwen2-1.5b
2.8,"A resposta apresentada carece de profundidade jurídica e precisão terminológica. O conceito de 'desviado das funções do delegado' não é claro, e a menção a 'efeciência no cargo' após quatro anos parece referir-se a um processo de efetivação ou estabilização no cargo, mas não é tecnicamente precisa. Além disso, a citação de 'quaerces' anos é um erro, pois o termo correto é 'quatro'. A resposta não apresenta uma fundamentação legal sólida ou citações de leis ou regulamentos específicos que justifiquem a afirmação feita.",llama-3.3-70b,117,tinyllama-1.1b
4.2,"A resposta apresentada demonstra uma compreensão razoável do conceito de Poder discricionário na Administração Pública brasileira, destacando a necessidade de atuação dentro dos limites legais e da competência do agente público. No entanto, falta uma análise mais aprofundada sobre os princípios que regem a discricionariedade administrativa, como o princípio da razoabilidade e o da proporcionalidade, que são fundamentais para a aplicação correta do Poder discricionário. Além disso, a resposta poderia ser enriquecida com referências a dispositivos legais específicos, como o artigo 37 da Constituição Federal, que trata dos princípios da Administração Pública. A terminologia utilizada é adequada, mas poderia ser mais precisa e técnica em alguns pontos, como na distinção entre discricionariedade e arbitrariedade.",llama-3.3-70b,118,phi-3-mini
4.2,"A resposta do candidato demonstra uma compreensão razoável do conceito de Poder discricionário na Administração Pública, incluindo a capacidade das autoridades com autonomia administrativa de decidir sobre a aplicação da lei e o uso de verbas públicas. No entanto, a resposta carece de profundidade jurídica em alguns aspectos, como a falta de menção explícita à doutrina e à jurisprudência que fundamentam o Poder discricionário. Além disso, a resposta poderia ser mais precisa na distinção entre os diferentes tipos de atos que podem ser objeto do Poder discricionário. A utilização de termos técnicos é adequada, mas poderia ser mais consistente em alguns pontos. A fundamentação legal é presente, mas não é explorada em sua plenitude, o que limita a nota.",llama-3.3-70b,118,qwen2-1.5b
2.8,"A resposta do candidato apresenta uma compreensão básica do conceito de Poder discricionário, mas carece de profundidade e precisão técnica. O uso do termo 'Poder discricionário' está correto, mas a explicação é superficial e não aborda as nuances e limitações desse poder. Além disso, a afirmação de que o agente público administrativo não pode exercer o Poder discricionário é parcialmente incorreta, pois o exercício desse poder é uma das características da atuação administrativa, desde que dentro dos limites legais. A resposta também confunde a Administração Pública com um órgão específico, o que não é correto. Portanto, a nota reflete a necessidade de aprofundamento e precisão na abordagem jurídica.",llama-3.3-70b,118,tinyllama-1.1b
