nota_final,comentario,modelo_juiz,id_pergunta,modelo_avaliado
1.0,"A resposta trata de competência legislativa sobre ensino, mas a pergunta original refere-se a um modelo de IA (Phi-3-mini-4k-instruct-gguf). Não há relação temática entre o questionamento e a resposta fornecida.",qwen/qwen3-32b,107,phi-3-mini
2.5,"A resposta contém erros conceituais graves, como a referência incorreta ao art. 116 da CF (que trata da organização do Poder Judiciário, não de competência federativa). A classificação das 'competências' criadas (competência de competência, associada e subordinada) não corresponde ao sistema constitucional brasileiro, que prevê competência exclusiva (art. 24, I a XXII) e concorrente (art. 24, XXIII a XXXIII). A fundamentação jurídica está fragilizada.",qwen/qwen3-32b,107,qwen2-1.5b
2.0,"A resposta apresenta conceitos genéricos sobre competência estatal em educação, mas não se relaciona com a pergunta sobre modelo de IA. Faltam fundamentos legais específicos e análise técnica adequada.",qwen/qwen3-32b,107,tinyllama-1.1b
2.5,"A resposta contém erros críticos de fundamentação jurídica, como a referência equivocada ao art. 84 da Constituição (a regulamentação das Medidas Provisórias está no art. 62), menção incorreta ao Decreto-Lei 3.242/56 (não existe) e ao Tribunal Superior Eleitoral (não é competente para julgar constitucionalidade de MPs). Além disso, há confusão entre a Lei 1.095/54 e a regulamentação constitucional.",qwen/qwen3-32b,108,phi-3-mini
2.5,"A resposta contém erros conceituais graves ao atribuir ao presidente do STF a função de regulamentar Medidas Provisórias, quando na verdade a MP é instituída pelo Presidente da República (CF/88, art. 62). A fundamentação jurídica está comprometida, pois mistura funções constitucionais distintas.",qwen/qwen3-32b,108,qwen2-1.5b
1.0,"A resposta 'F' é insuficiente e não fundamenta corretamente o conceito de Medida Provisória, que possui força de lei temporária até a votação pelo Congresso Nacional.",qwen/qwen3-32b,108,tinyllama-1.1b
2.5,"A resposta contém informações parcialmente corretas sobre a competência do STF (art. 104 da CF), mas com erro técnico grave ao mencionar 'desembargadores' (cargo de tribunais estaduais) em vez de 'ministros' do STF. A fundamentação legal está comprometida.",qwen/qwen3-32b,109,phi-3-mini
1.5,"A resposta contém erros conceituais graves, como a referência incorreta ao art. 7º da CF (que trata de direitos trabalhistas, não de soberania constitucional). Além disso, a enumeração de 'recursos e recusas' contra outros tribunais é juridicamente inexistente. A fundamentação legal está ausente, faltando mencionar dispositivos como o art. 101 da CF.",qwen/qwen3-32b,109,qwen2-1.5b
2.0,"A resposta contém equívocos sobre a aplicação do art. 53 da Constituição e a atuação do STF. A declaração incidental de inconstitucionalidade é correta, mas a rejeição automática de ações baseadas em artigos constitucionais é juridicamente imprecisa.",qwen/qwen3-32b,109,tinyllama-1.1b
4.0,"A resposta apresenta conceitos jurídicos corretos sobre poderes-dever da Administração, equilíbrio entre eficiência e direitos individuais, e a necessidade de atuação conforme Constituição. No entanto, carece de fundamentação específica em dispositivos legais (ex.: artigos da Constituição Federal ou da Lei de Introdução às Normas do Direito Público) para embasar plenamente as afirmações.",qwen/qwen3-32b,110,phi-3-mini
2.5,"A resposta contém repetições excessivas e utiliza termo incorreto 'poder-pública'. Falta fundamentação legal específica sobre a doutrina do poder-dever, que é conceito central no direito administrativo brasileiro.",qwen/qwen3-32b,110,qwen2-1.5b
1.0,"A resposta contém erros conceituais graves, como a inexistência de 'prerrôgatóvas devêrs' e a confusão entre prerrogativas administrativas e tradução de textos. A fundamentação jurídica é nula, e a resposta não aborda a pergunta sobre tradução solicitada pelo usuário.",qwen/qwen3-32b,110,tinyllama-1.1b
3.5,"A resposta aponta corretamente a necessidade de observância do processo administrativo e da fundamentação legal, mas apresenta imprecisões terminológicas (como uso de 'demissão' em vez de 'exoneração compulsória') e omite referências específicas às normas que regem a alteração de penas (art. 138 da Lei 8112/90). A fundamentação legal poderia ser mais robusta com menção a dispositivos concretos.",qwen/qwen3-32b,111,phi-3-mini
2.5,"A resposta contém imprecisões sobre o direito administrativo disciplinar. A Administração pode impor a demissão após o direito de manifestação, desde que observado o devido processo legal (Lei 8.112/90, art. 127). A repetição de afirmações sem fundamentação jurídica clara compromete a análise.",qwen/qwen3-32b,111,qwen2-1.5b
2.5,A resposta contém erros conceituais e de fundamentação jurídica. A aplicação de pena mais grave após o recurso (demissão) viola o princípio da segurança jurídica. A redação apresenta impropérios técnicos como 'recorreu de volta' e 'comprvação'. Faltam referências ao art. 37 da CF/88 e ao art. 12 da Lei 8112/90.,qwen/qwen3-32b,111,tinyllama-1.1b
9.0,"A resposta corretamente identifica as obrigações negativas do tombamento e justifica a exclusão da venda compulsória. No entanto, faltam referências legais explícitas (como a Lei 3.974/61) para fundamentar a análise.",qwen/qwen3-32b,112,phi-3-mini
2.5,"A resposta apresenta conceitos jurídicos confusos e repetitivos, com fundamentação insuficiente. A referência a 'tombamento' é mencionada de forma genérica, sem vinculação a normas legais específicas. A repetição de itens (7 e 8) e a formulação de obrigações não previstas em legislação reduzem a precisão técnica.",qwen/qwen3-32b,112,qwen2-1.5b
2.0,A resposta apresenta imprecisões conceituais e falta fundamentação jurídica. Não há menção aos dispositivos legais que regulam o tombamento (ex: Art. 18 da CF/88) ou aos requisitos para intervenção estatal na propriedade privada.,qwen/qwen3-32b,112,tinyllama-1.1b
3.5,"A resposta aborda corretamente os conceitos de poder de polícia, necessidade e interesse público, mas omite referências constitucionais específicas (ex.: art. 5º, XXXVI da CF/88) e não detalha os limites legais do instituto.",qwen/qwen3-32b,113,phi-3-mini
3.5,"A resposta aborda corretamente o conceito de poder de polícia e seu equilíbrio com direitos fundamentais, mas carece de fundamentação específica em normas constitucionais (ex.: art. 144 da CF/88) e jurisprudência. A menção a 'normas constitucionais' é genérica, e a análise do controle jurisdicional do exercício policial é insuficiente.",qwen/qwen3-32b,113,qwen2-1.5b
2.5,A resposta contém imprecisões conceituais (confusão entre 'poder de polícia' e 'faculdade de proprietário') e falta fundamentação legal específica. A menção à Suprema Corte é genérica e não contextualizada.,qwen/qwen3-32b,113,tinyllama-1.1b
2.5,"A resposta contém erro fundamental na referência constitucional (art. 141, §2º não trata de agências reguladoras). A autonomia das agências reguladoras no Brasil é disciplinada pelo art. 21, VI, da CF/88 e arts. 37 e 112 da CF/88. A menção a personalidade jurídica e obrigatoriedade de contas públicas está correta, mas a fundamentação jurídica está comprometida.",qwen/qwen3-32b,114,phi-3-mini
4.0,"A resposta aborda corretamente os conceitos de independência técnica e financeira das Agências Reguladoras, mas carece de fundamentação legal específica (ex.: dispositivos constitucionais ou leis que instituem as agências). A análise é clara, mas a ausência de referências jurídicas concretas reduz a fundamentação.",qwen/qwen3-32b,114,qwen2-1.5b
2.5,"Resposta repetitiva e imprecisa. Não fundamenta a autonomia das agências reguladoras com base na Lei 12.077/2009, omitindo conceitos como autonomia técnica-administrativa e independência funcional. Contém erros de redação ('dessemestria') e não distingue autonomia vs. independência.",qwen/qwen3-32b,114,tinyllama-1.1b
3.0,"A resposta apresenta conceitos corretos sobre os requisitos da desapropriação, mas contém referências legais imprecisas. Os artigos do CDC não são aplicáveis a esse tema, devendo ser citados dispositivos da CF/88 e da Lei 9.784/99.",qwen/qwen3-32b,115,phi-3-mini
3.0,"A resposta apresenta conceitos genéricos e imprecisos sobre desapropriação, omitindo requisitos constitucionais essenciais como a indenização justa (art. 5º, XXIV, CF) e a necessidade de lei autorizativa (art. 19, III, CF). A enumeração contém termos redundantes e não costuma ser usada em doutrina jurídica brasileira.",qwen/qwen3-32b,115,qwen2-1.5b
1.5,"A resposta não aborda corretamente os requisitos constitucionais de desapropriação, apresentando conceitos genéricos de administração pública sem conexão com a matéria específica. Faltam referências legais diretas (ex.: CF/88, art. 5º, XLI) e análise técnica da matéria.",qwen/qwen3-32b,115,tinyllama-1.1b
2.5,"A resposta contém erros conceituais e jurídicos graves. A instabilidade do objeto em contratos administrativos não é prevista na CF/88, mas sim a necessidade de objeto definido (art. 37, caput, CF). A referência ao art. 60, II, é equivocada. O STF não estabelece princípios de eficiência e equidade como fundamento legal, mas sim a necessidade de observância da legalidade, finalidade pública e razoabilidade.",qwen/qwen3-32b,116,phi-3-mini
3.5,"A resposta apresenta conceitos básicos sobre contratos administrativos, mas com imprecisões. A 'instabilidade' mencionada não é uma característica juridicamente reconhecida como essencial, e exemplos como 'emissão de cartão de crédito' não se enquadram nessa categoria. A fundamentação legal é insuficiente, faltando referência a dispositivos constitucionais ou legais.",qwen/qwen3-32b,116,qwen2-1.5b
2.5,"A resposta apresenta definições imprecisas e confunde conceitos de direito administrativo com elementos de direito civil. A 'instabilidade' dos contratos administrativos refere-se à vulnerabilidade à modificação ou rescisão unilateral pela Administração, não à 'desintegração do objeto'. Faltam fundamentos jurídicos específicos, como a potestatividade administrativa e as hipóteses legais de rescisão.",qwen/qwen3-32b,116,tinyllama-1.1b
3.0,"A resposta identifica corretamente a violação de direito administrativo, mas carece de fundamentação legal específica para justificar a efetivação após 4 anos. A ausência de referência a normas legais ou jurisprudência compromete a robustez da análise.",qwen/qwen3-32b,117,phi-3-mini
2.5,"A resposta apresenta confusão entre os conceitos de efetivação e rotatividade, além de contradições internas. A fundamentação legal é insuficiente, omitindo análise sobre a disponibilidade de vagas e a aplicação do art. 37 da CF/88.",qwen/qwen3-32b,117,qwen2-1.5b
1.0,"A resposta contém erros conceituais graves, como uso de termo latim 'quaerces' e termo mal escrito 'efeciência'. Não há fundamentação legal clara sobre o processo de seleção de delegados.",qwen/qwen3-32b,117,tinyllama-1.1b
4.25,"A resposta corretamente define o poder discricionário da Administração Pública, seus limites legais e consequências do abuso. No entanto, poderia ganhar em precisão técnica ao citar dispositivos legais específicos (ex.: art. 37 da CF/88 ou art. 3º da Lei 9.784/99).",qwen/qwen3-32b,118,phi-3-mini
2.0,"A resposta contém incoerências e imprecisões conceituais. Afirma que o agente público não pode exercer o poder discricionário, o que é falso, já que esse é um atributo essencial da Administração Pública. As 'exceções' mencionadas são genéricas e não correspondem aos limites legais reais do poder discricionário. Falta fundamentação em normas jurídicas específicas.",qwen/qwen3-32b,118,qwen2-1.5b
1.0,"A resposta contém erros conceituais graves ao negar a existência do poder discricionário na Administração Pública, quando ele é um instituto jurídico fundamental. A fundamentação legal é inexistente, faltando referência a dispositivos legais ou princípios administrativos.",qwen/qwen3-32b,118,tinyllama-1.1b
