nota_final,acuracia_tecnica,fundamentacao,logica,justificativa,erro_identificado,id_pergunta,modelo_avaliado
8.0,4.0,2.0,2.0,"A resposta apresenta acurácia jurídica ao mencionar a competência compartilhada entre o Poder Federal e os Estados para legislar sobre ensino, conforme o artigo 225 da Constituição Federal. No entanto, falta uma fundamentação legal mais robusta, com citação de outros artigos ou dispositivos constitucionais que possam ser relevantes. A lógica da resposta é coerente, mas poderia ser mais detalhada e fundamentada em jurisprudência ou súmulas.",False,107,phi-3-mini
2.5,2.0,1.0,2.0,"A resposta apresenta uma visão geral sobre a competência entre os entes federativos, mas carece de precisão e profundidade. O artigo 116 da Constituição Federal não é diretamente aplicável ao tema discutido. Além disso, a divisão em categorias de competência não é clara ou corretamente fundamentada. A resposta também não apresenta uma conclusão clara e direcionada ao problema proposto.",True,107,qwen2-1.5b
2.3,1.5,0.5,2.3,"A resposta apresenta uma estrutura lógica, mas carece de fundamentação legal específica e apresenta termos vagos como 'disciplinar uniforme' e 'padrão de providência', que não são claramente definidos no contexto jurídico. Além disso, não há menção a artigos, súmulas ou jurisprudência relevantes para sustentar a argumentação.",True,107,tinyllama-1.1b
8.5,4.0,2.5,2.0,"A resposta apresenta acurácia jurídica, pois corretamente descreve a Medida Provisória e sua força de lei, conforme o artigo 84 da Constituição Federal. No entanto, a fundamentação legal poderia ser mais robusta, com citações mais precisas e relevantes de artigos, súmulas ou jurisprudência. A lógica da resposta é coerente, mas poderia ser mais clara e concisa. Erros crassos ou perigosos não foram identificados.",False,108,phi-3-mini
6.5,3.0,1.0,2.5,"A resposta apresenta conceitos básicos sobre Medida Provisória, como sua força de lei e caráter provisório. No entanto, há imprecisões significativas, como a afirmação de que as MPs devem ser regulamentadas pelo presidente do STF, o que não é correto. Além disso, falta fundamentação legal adequada, com citação de artigos ou jurisprudência específicos. A lógica da exposição é razoável, mas sofre com a falta de clareza e precisão em alguns pontos.",True,108,qwen2-1.5b
0.0,0.0,0.0,0.0,"A resposta não apresenta qualquer conteúdo relevante ou coerente para a pergunta, não há menção a institutos jurídicos, artigos, súmulas ou jurisprudência, e a conclusão não deriva logicamente de qualquer exposição.",True,108,tinyllama-1.1b
8.0,4.0,2.0,2.0,"A resposta apresenta acurácia jurídica ao mencionar o artigo 104 da Constituição Federal e o papel do Supremo Tribunal Federal na declaração de inconstitucionalidade de leis federais. No entanto, falta uma fundamentação legal mais robusta, com menção a outros artigos ou dispositivos constitucionais relevantes, como o artigo 102, que trata do controle de constitucionalidade. A lógica da resposta é coerente, mas poderia ser mais detalhada e estruturada.",False,109,phi-3-mini
2.5,1.0,0.5,1.0,"A resposta apresenta erros crassos e perigosos, como a citação do artigo 7º da Constituição Federal de forma inadequada e a menção à soberania e inalterabilidade da Constituição de maneira incorreta. Além disso, a resposta apresenta repetições e falta de clareza. No entanto, a resposta tenta abordar a questão da inconstitucionalidade e da atuação do Supremo Tribunal Federal, demonstrando alguma lógica na exposição.",True,109,qwen2-1.5b
2.3,1.5,0.5,2.3,"A resposta apresenta conceitos jurídicos relevantes, como a declaração de inconstitucionalidade pelo Supremo Tribunal Federal. No entanto, falta precisão e clareza na aplicação desses conceitos, além de não citar artigos ou jurisprudência específicos para fundamentar a argumentação. A lógica da exposição é razoável, mas carece de profundidade e coerência em relação ao tema abordado.",True,109,tinyllama-1.1b
8.5,4.0,2.5,2.0,"A resposta apresenta acurácia jurídica ao discutir prerrogativas da Administração e o conceito de 'poderes-dever', demonstrando compreensão dos limites e equilíbrios necessários. No entanto, falta uma fundamentação legal mais robusta, com citações específicas de artigos ou súmulas. A lógica da exposição é coerente, mas poderia ser mais detalhada e estruturada.",False,110,phi-3-mini
2.5,2.0,0.5,2.0,"A resposta apresenta conceitos básicos da doutrina do poder-dever, mas carece de fundamentação legal específica e apresenta repetições excessivas. A lógica é coerente, mas a falta de exemplos concretos e a ausência de referências legais específicas diminuem a qualidade da resposta.",True,110,qwen2-1.5b
0.0,0.0,0.0,0.0,"A resposta não apresenta qualquer conteúdo jurídico relevante, não há menção a institutos, artigos, súmulas ou jurisprudência. Além disso, a linguagem utilizada é confusa e não apresenta uma estrutura lógica coerente.",True,110,tinyllama-1.1b
8.5,4.0,2.5,2.0,"A resposta apresenta acurácia jurídica ao mencionar a possibilidade de alteração da pena imposta ao servidor, desde que as fases do processo administrativo sejam cumpridas corretamente. Além disso, destaca a importância da fundamentação técnica e legal para a imposição da pena de demissão, citando leis relevantes como a Lei nº 8112/90 e a Lei 9784/98. No entanto, a fundamentação legal poderia ser mais detalhada e específica, e a lógica da exposição é clara, mas poderia ser mais elaborada.",False,111,phi-3-mini
2.3,2.0,0.5,1.8,"A resposta apresenta uma linha de raciocínio confusa e circular, com repetições desnecessárias. Embora tente abordar a questão da aplicação da pena de demissão após a manifestação do servidor, não cita artigos, súmulas ou jurisprudência específicas para fundamentar sua argumentação. A lógica da exposição é comprometida pela falta de clareza e pela repetição de ideias sem aprofundamento.",True,111,qwen2-1.5b
7.5,3.5,2.0,2.0,"A resposta apresenta uma situação hipotética de procedimento administrativo disciplinar, mencionando a aplicação de penalidades de acordo com as leis nº 8112/90 e 9784/98. No entanto, falta uma análise mais profunda e detalhada sobre os artigos específicos dessas leis que justifiquem a aplicação da pena de demissão. Além disso, a coerência lógica da resposta é razoável, mas poderia ser mais clara e direta. Erros de digitação e ortografia também foram identificados.",True,111,tinyllama-1.1b
8.5,4.0,2.0,2.5,"A resposta apresenta acurácia jurídica ao descrever as restrições impostas pelo tombamento, como a proibição de alterações que afetem o valor histórico ou cultural do imóvel e a obrigação de manutenção e conservação adequada. No entanto, falta fundamentação legal específica, como a citação de artigos da Constituição Federal ou do Decreto-Lei nº 25/1937, que regulamenta o tombamento. A lógica da resposta é coerente, mas poderia ser reforçada com exemplos práticos ou jurisprudência relevante.",False,112,phi-3-mini
2.3,2.0,1.0,2.3,"A resposta apresenta uma série de afirmações sobre as obrigações do proprietário em relação à propriedade tombada, mas apenas a alternativa 6 apresenta uma obrigação negativa clara e relevante. No entanto, a fundamentação legal é insuficiente, pois não há menção a artigos, súmulas ou jurisprudência específicos que respaldem as afirmações. A lógica da resposta é coerente, mas poderia ser mais clara e concisa.",True,112,qwen2-1.5b
2.0,1.0,0.0,1.0,"A resposta apresenta uma estrutura lógica, mas carece de fundamentação legal e apresenta imprecisões jurídicas, como a menção a 'uma ou mais das formas descritas no texto' sem especificar quais são essas formas.",True,112,tinyllama-1.1b
8.5,4.0,2.5,2.0,"A resposta apresenta acurácia jurídica ao abordar o conceito de poder de polícia e sua relação com a intervenção estatal na liberdade individual e nos direitos de propriedade. No entanto, falta uma fundamentação legal mais robusta, com citação de artigos específicos da Constituição ou leis relevantes. A lógica da exposição é coerente, mas poderia ser mais detalhada e estruturada.",False,113,phi-3-mini
8.5,4.0,2.0,2.5,"A resposta apresenta uma compreensão clara do conceito de poder de polícia e sua importância para a preservação da ordem e segurança pública. No entanto, falta uma fundamentação legal mais robusta, com citação de artigos específicos da Constituição ou leis relevantes. A lógica da exposição é coerente, mas poderia ser reforçada com exemplos mais concretos e uma análise mais aprofundada dos limites constitucionais do poder de polícia.",False,113,qwen2-1.5b
7.5,3.5,2.0,2.0,"A resposta apresenta uma visão geral do poder de polícia e sua importância para a proteção da sociedade, mas carece de precisão técnica e fundamentação legal específica. Embora mencione a limitação do exercício da liberdade e a proteção do interesse público, não cita artigos ou súmulas específicas que sustentem essas afirmações. Além disso, a menção à decisão da Suprema Corte é vaga e não fornece uma base legal concreta. A lógica da resposta é coerente, mas poderia ser mais robusta com exemplos e fundamentos legais mais detalhados.",True,113,tinyllama-1.1b
8.0,3.5,2.0,2.5,"A resposta apresenta uma boa compreensão do conceito de autonomia das Agências Reguladoras no Direito Público brasileiro. No entanto, há um erro na citação do artigo da Constituição Federal, que não é o 141, §2º. Além disso, a fundamentação legal poderia ser mais robusta com a citação de outros artigos ou súmulas relevantes. A lógica da exposição é clara, mas poderia ser mais detalhada.",True,114,phi-3-mini
8.5,4.0,2.0,2.5,"A resposta apresenta uma análise clara e coerente sobre a autonomia das Agências Reguladoras no Direito Público brasileiro, destacando a importância da independência técnica e financeira. No entanto, falta uma fundamentação legal mais robusta, com citação de artigos, súmulas ou jurisprudência específicas que respaldem as afirmações. A lógica da exposição é clara e bem estruturada, mas poderia ser reforçada com exemplos concretos ou estudos de caso.",False,114,qwen2-1.5b
2.3,1.0,0.0,1.3,"A resposta apresenta conceitos vagos e repetitivos sobre a autonomia das Agências Reguladoras, sem citar artigos, súmulas ou jurisprudência específicas para fundamentar as afirmações. Além disso, não há uma estrutura lógica clara na exposição, com muitas frases repetidas ou semelhantes.",True,114,tinyllama-1.1b
8.5,4.0,2.5,2.0,"A resposta apresenta acurácia jurídica ao mencionar os requisitos necessários para a desapropriação, como justificativa socioeconômica, compensação justa e processo administrativo transparente. No entanto, a fundamentação legal poderia ser mais robusta, com menção a artigos específicos do Código Civil e do Decreto-Lei nº 3.365/41, que regulamentam a desapropriação. A lógica da resposta é coerente, mas poderia ser mais detalhada.",False,115,phi-3-mini
7.5,3.5,2.0,2.0,"A resposta apresenta uma lista de requisitos constitucionais para desapropriação, demonstrando conhecimento sobre o tema. No entanto, falta uma fundamentação legal mais robusta, com citação de artigos específicos da Constituição Federal ou leis relevantes. Além disso, a exposição é um pouco repetitiva e carece de uma estrutura lógica mais clara, com alguns pontos parecendo redundantes ou mal definidos.",True,115,qwen2-1.5b
2.3,1.5,0.5,2.3,"A resposta apresenta uma estrutura lógica e coerente, mas carece de fundamentação legal específica e acurácia técnica em relação aos requisitos constitucionais para desapropriação. Não são citados artigos, súmulas ou jurisprudência pertinentes, o que reduz a nota de fundamentação legal. Além disso, a resposta não aborda diretamente os requisitos constitucionais específicos para desapropriação, como o devido processo legal, justa indenização e utilidade pública, o que afeta a acurácia técnica.",True,115,tinyllama-1.1b
8.5,4.0,2.5,2.0,"A resposta apresenta acurácia jurídica ao abordar a natureza imprevisível do ato administrativo e a necessidade de objeto definido nos contratos administrativos, conforme a Constituição Federal. No entanto, a fundamentação legal poderia ser mais robusta com a citação de artigos específicos do Código Civil ou da Lei 8.666/93. A lógica da exposição é coerente, mas poderia ser mais detalhada. O erro identificado é a falta de especificidade na citação de artigos e a não menção explícita de súmulas ou jurisprudência relevante.",False,116,phi-3-mini
2.5,2.0,0.5,2.0,"A resposta apresenta uma visão geral sobre os contratos administrativos e sua característica de instabilidade, mas carece de fundamentação legal específica, como artigos de lei ou jurisprudência que sustentem as afirmações. A lógica da exposição é coerente, mas a falta de detalhes técnicos e de referências legais impede uma avaliação mais positiva.",False,116,qwen2-1.5b
2.3,1.5,0.5,2.3,"A resposta apresenta uma definição vaga e genérica da instabilidade dos contratos administrativos, sem citar artigos, súmulas ou jurisprudência específicas que fundamentem a argumentação. Além disso, a exposição carece de precisão técnica e apresenta conceitos jurídicos de forma imprecisa. No entanto, a resposta apresenta uma estrutura lógica e coerente, com uma sequência de ideias que derivam da definição inicial.",True,116,tinyllama-1.1b
7.5,3.5,2.0,2.0,"A resposta apresenta uma análise razoável da situação, identificando a violação de direito administrativo. No entanto, falta uma fundamentação legal mais robusta, com citação de artigos ou regulamentos específicos que comprovem a violação. A lógica da resposta é coerente, mas poderia ser mais detalhada.",True,117,phi-3-mini
2.3,2.0,0.5,1.8,"A resposta apresenta uma linha de raciocínio que busca justificar a não adiação da efetivação do concurso, mas carece de fundamentação legal específica e apresenta contradições lógicas. A explicação técnica tenta estabelecer uma analogia com concursos públicos, mas não cita artigos, súmulas ou jurisprudência pertinentes para sustentar sua argumentação. Além disso, a conclusão final parece contraditória, pois afirma que a efetivação não deve ser adiada, mas termina sugerindo que deve ser adiada para que os aprovados se tornem efetivamente nomeados.",True,117,qwen2-1.5b
2.0,1.0,0.0,1.0,"A resposta apresenta uma estrutura lógica, mas carece de fundamentação legal e contém erros de acurácia jurídica, como a menção a 'quaerces' anos, que parece ser um erro de digitação ou tradução. Além disso, não há menção a artigos, súmulas ou jurisprudência pertinentes.",True,117,tinyllama-1.1b
8.5,4.0,2.0,2.5,"A resposta apresenta acurácia jurídica ao discutir o poder discricionário da Administração Pública, destacando a necessidade de atuação dentro dos limites legais. No entanto, falta uma fundamentação legal mais robusta, com citação de artigos ou súmulas específicas que respaldem as afirmações. A lógica da exposição é coerente, mas poderia ser reforçada com exemplos ou referências mais concretas.",False,118,phi-3-mini
2.5,2.0,1.0,2.0,"A resposta apresenta uma visão geral sobre o Poder discricionário da Administração Pública, mas carece de precisão e profundidade. Embora mencione algumas exceções ao Poder discricionário, não há uma fundamentação legal sólida, com citação de artigos, súmulas ou jurisprudência pertinentes. A lógica da exposição é razoável, mas a conclusão não é claramente derivada da exposição devido à falta de precisão e exemplos concretos.",True,118,qwen2-1.5b
2.0,1.0,0.0,1.0,"A resposta apresenta conceitos básicos sobre o Poder discricionário da Administração Pública, mas carece de precisão e clareza. O termo 'Poder discricionário' é mal aplicado, pois se refere à capacidade do agente público de tomar decisões dentro de parâmetros legais, e não é um 'Poder do governo' como descrito. Além disso, a resposta não apresenta fundamentação legal, como artigos ou súmulas, para sustentar suas afirmações. A lógica da resposta é parcialmente coerente, mas sofre com a falta de precisão técnica.",True,118,tinyllama-1.1b
