question_id,category,response
42_direito_penal_questao_1,42_direito_penal,"Prezados(as) Examinadores(as),

A questão posta exige uma análise jurídica aprofundada da conduta de Jonas, que, agindo sob uma percepção equivocada da realidade, provocou a morte de Frederico e, indiretamente, contribuiu para a morte de uma criança. A denúncia por duplo homicídio doloso demanda uma avaliação minuciosa dos elementos do crime – tipicidade, ilicitude e culpabilidade – em face das circunstâncias fáticas apresentadas.

Como advogado(a) de Jonas, apresento a seguinte defesa técnica, dividindo-a pela análise da morte de cada vítima.

---

### **1. Quanto à morte de Frederico:**

A conduta de Jonas, ao efetuar o disparo que ceifou a vida de Frederico, deve ser analisada sob a ótica da **legítima defesa putativa**, decorrente de um **erro de tipo permissivo**.

**a) Erro de Tipo Permissivo (Descriminante Putativa):**
Jonas agiu movido pela crença de que Frederico representava uma ameaça iminente à integridade física das crianças. Sua visão era parcial, impedindo-o de perceber o cachorro e, consequentemente, o real intento de Frederico de proteger as crianças. Jonas, portanto, *imaginou* estar diante de uma situação fática que autorizaria a legítima defesa de terceiros, ou seja, uma agressão injusta, atual ou iminente, por parte de Frederico contra as crianças.

Este cenário se enquadra no **erro de tipo permissivo**, disciplinado pelo Art. 20, §1º, do Código Penal. Jonas errou sobre os pressupostos fáticos de uma causa de justificação (a legítima defesa, Art. 25 do CP). Ele não errou sobre a existência ou limites da legítima defesa enquanto norma, mas sobre a *realidade da situação* que o faria legitimado a agir.

**b) Consequências do Erro de Tipo Permissivo:**

As consequências jurídicas do erro de tipo permissivo dependem de sua evitabilidade ou inevitabilidade:

*   **Erro Inevitável (Escusável ou Invencível):** Se o erro era inevitável, ou seja, se qualquer pessoa de mediana prudência, nas mesmas circunstâncias de Jonas (visão parcial, ausência do cachorro em seu campo visual), teria incorrido no mesmo equívoco, o erro exclui tanto o dolo quanto a culpa. Nesse caso, a conduta de Jonas seria considerada **atípica**, pois faltaria o elemento subjetivo (dolo ou culpa) necessário para a configuração de qualquer crime. É a hipótese mais favorável à defesa.
    *   No caso em tela, a defesa argumenta pela **inevitabilidade** do erro. A descrição ""visão parcial da situação"" e ""sem perceber a aproximação do cachorro raivoso"" são elementos cruciais. Jonas viu um homem armado apontando para crianças, e sua reação imediata foi de proteção, o que, sob sua percepção limitada, poderia ser considerada razoável para o homem médio.

*   **Erro Evitável (Inescusável ou Vencível):** Se o erro era evitável, isto é, se Jonas, com a devida diligência e cuidado exigidos, poderia ter percebido a verdadeira situação, ele exclui o dolo, mas permite a punição por crime culposo, se a lei o previr (o que ocorre com o homicídio, Art. 121, §3º, do CP).
    *   Nesta hipótese subsidiária, caso o erro de Jonas fosse considerado evitável (por exemplo, se se entendesse que ele deveria ter aguardado ou buscado mais informações antes de atirar), a acusação de homicídio doloso contra Frederico seria afastada, sendo possível apenas a imputação por **homicídio culposo**.

**Conclusão para a morte de Frederico:**
A defesa pugna pelo reconhecimento do **erro de tipo permissivo inevitável**, o que levaria à **atipicidade da conduta** em relação à morte de Frederico, com a consequente **absolvição**. Subsidiariamente, caso se entenda o erro como evitável, requer-se a desclassificação para **homicídio culposo**. Em qualquer das hipóteses, afasta-se peremptoriamente o dolo, especialmente o dolo direto de matar Frederico de forma injusta.

---

### **2. Quanto à morte da criança:**

A denúncia por homicídio doloso contra a criança também deve ser rechaçada, devendo a conduta ser, no máximo, imputada a título de culpa.

**a) Ausência de Dolo:**
Jonas não tinha qualquer intenção de causar a morte da criança. Pelo contrário, sua motivação primária, ainda que equivocada em sua execução, era proteger as crianças. Não há, portanto, dolo direto ou eventual em relação ao óbito da criança. O resultado morte da criança não era querido por Jonas nem por ele assumido como risco.

**b) Nexo Causal e Imputação Objetiva:**
É inegável que há um **nexo causal** entre a conduta de Jonas e a morte da criança (teoria da *conditio sine qua non*). Se Frederico não tivesse sido alvejado e morto, ele teria impedido o ataque do cachorro, e a criança não teria falecido. A ação de Jonas criou um risco não permitido que se concretizou no resultado morte da criança, exatamente aquele risco que ele pretendia evitar de outra forma.

**c) Imputação a Título de Culpa:**
O enunciado é explícito ao afirmar que Jonas ""violou o dever de diligência e cuidado que deveria adotar em situações como a apresentada"". Esta afirmação é a própria definição de **culpa**. Jonas agiu com **imprudência** e **negligência** ao intervir de forma tão drástica (disparar uma arma de fogo) sem certificar-se plenamente da real situação, dadas suas condições de ""visão parcial"".

Ao não adotar o devido cuidado objetivo exigido de um homem médio em tal situação – que demandaria uma verificação mais acurada dos fatos antes de efetuar um disparo letal –, Jonas criou uma situação de risco (a eliminação do verdadeiro protetor das crianças) que resultou na morte da criança.

Portanto, a morte da criança deve ser imputada a Jonas a título de **homicídio culposo**, previsto no Art. 121, §3º, do Código Penal.

**d) Não Configuração de Preterdolo:**
Não se trata de crime preterdoloso, pois este pressupõe uma conduta inicial dolosa visando um resultado menos grave, e que, por culpa, provoca um resultado mais grave. No presente caso, como já argumentado, a conduta inicial de Jonas em relação a Frederico não foi dolosa, mas sim decorrente de um erro de tipo. O resultado morte da criança é uma consequência da falha no dever de cuidado na ação original.

**Conclusão para a morte da criança:**
A defesa requer a desclassificação da acusação de homicídio doloso para **homicídio culposo**, conforme o Art. 121, §3º, do Código Penal.

---

### **Conclusão Final:**

Em suma, a defesa de Jonas sustenta que a acusação de duplo homicídio doloso não se sustenta diante dos fatos e da correta aplicação do direito penal.

1.  **Quanto à morte de Frederico:** Jonas agiu sob o manto de uma **descriminante putativa por erro de tipo permissivo inevitável**, o que torna sua conduta **atípica**, devendo ser absolvido deste homicídio. Subsidiariamente, caso o erro seja considerado evitável, a conduta deve ser desclassificada para **homicídio culposo**.
2.  **Quanto à morte da criança:** Não havendo dolo de qualquer espécie, mas comprovada a violação do dever de cuidado por Jonas, a conduta deve ser desclassificada para **homicídio culposo**.

Desse modo, a denúncia de duplo homicídio doloso deve ser **rejeitada**, sendo a imputação máxima cabível a de **homicídio culposo** em relação à criança, cumulada, na pior das hipóteses para a defesa, com **homicídio culposo** em relação a Frederico.

São os termos em que se requer a justa aplicação do direito."
42_direito_penal_questao_2,42_direito_penal,"Prezada banca examinadora,

Como advogado(a) de Vânia, apresento a seguir a análise jurídica fundamentada sobre a possibilidade de sua cliente intervir e recorrer da sentença condenatória, em face da inércia do Ministério Público e da insatisfação com as penas substitutivas aplicadas.

---

### Análise e Resposta Fundamentada

A situação apresentada envolve a vítima de um crime (Vânia) que busca a modificação da pena imposta ao réu (Rui), mesmo após a inércia do Ministério Público em recorrer. A questão central reside na legitimidade recursal da vítima e nos prazos processuais aplicáveis.

**1. Possibilidade de Habilitação de Vânia como Assistente de Acusação e sua Legitimidade Recursal:**

Inicialmente, cumpre esclarecer que Vânia, como vítima do delito, possui o direito de se habilitar como assistente de acusação no processo penal, nos termos do **Art. 268 do Código de Processo Penal (CPP)**. Este dispositivo legal estabelece que ""o ofendido, ou seu representante legal, e, na falta, qualquer das pessoas mencionadas no art. 31, poderão intervir, em todos os termos do processo, como assistente do Ministério Público.""

A habilitação como assistente de acusação é uma prerrogativa da vítima que visa garantir sua participação ativa no processo, complementando a atuação do Ministério Público, que é o titular exclusivo da ação penal pública (Art. 129, I, da Constituição Federal e Art. 24 do CPP).

Uma das principais atribuições do assistente de acusação é justamente a de **interpor recursos**, inclusive quando o Ministério Público não o faz ou quando o faz em termos que não atendem aos interesses da vítima. O **Art. 598 do CPP** é claro ao dispor que ""nos crimes de ação pública, o ofendido ou qualquer das pessoas enumeradas no art. 31, ainda que não se tenha habilitado como assistente, poderá interpor recurso, *subsidiariamente*, no prazo de quinze dias."" Este recurso será interposto após o decurso do prazo para o Ministério Público.

No caso concreto, o Ministério Público foi intimado da condenação e não apresentou recurso no prazo legal. Este é o exato cenário em que a legitimidade recursal subsidiária do assistente de acusação se manifesta. Mesmo que Vânia ainda não tenha se habilitado formalmente, o Art. 598 do CPP lhe confere a possibilidade de interpor o recurso, cabendo a habilitação formal concomitante ou posterior para a plena atuação nos termos do recurso. No entanto, é prudente que a habilitação seja protocolada o quanto antes, preferencialmente junto com a interposição do recurso, para evitar discussões processuais sobre a regularidade da representação.

**2. Objeto do Recurso: Dissidência com as Penas Substitutivas:**

Vânia manifesta sua discordância especificamente em relação às penas substitutivas aplicadas (prestação pecuniária e multa), buscando, implicitamente, o cumprimento da pena privativa de liberdade inicialmente imposta, ou ao menos a revisão das restritivas de direitos.

O assistente de acusação possui legitimidade para recorrer não apenas de questões relacionadas ao mérito da condenação (materialidade e autoria), mas também de aspectos da dosimetria da pena, incluindo a aplicação e a substituição da pena privativa de liberdade por restritivas de direitos. A jurisprudência e a doutrina são pacíficas em admitir que o assistente pode pugnar pelo agravamento da pena, pela alteração de seu regime, e, como no caso, pela reforma de decisão que substituiu a pena de reclusão.

A substituição da pena privativa de liberdade por restritivas de direitos é disciplinada pelo **Art. 44 do Código Penal**. Para que tal substituição seja possível, a pena aplicada não pode ser superior a quatro anos e o crime não pode ter sido cometido com violência ou grave ameaça à pessoa, salvo exceções. No caso de Rui, a pena de um ano e quatro meses de reclusão se enquadra no requisito temporal. Contudo, a análise da adequação da substituição e da proporcionalidade das penas restritivas de direitos é matéria passível de recurso.

Vânia, por meio de seu advogado, pode argumentar que a substituição aplicada não atende aos propósitos da pena (reprovação e prevenção), ou que as modalidades escolhidas (prestação pecuniária e multa) são insuficientes diante da gravidade concreta do dano causado pela divulgação das fotos íntimas. É possível sustentar que a conduta de Rui, embora não tenha envolvido violência física, causou profundo abalo psicológico e moral, impactando significativamente a vida de Vânia, e que a pena restritiva de direitos deveria ser mais rigorosa ou que a reclusão deveria ser mantida.

Portanto, o objeto do recurso pode sim ser a discordância com as penas substitutivas aplicadas, pleiteando-se a reforma da sentença para que se afaste a substituição ou para que as penas restritivas de direitos sejam mais adequadas e proporcionais à reprovabilidade da conduta e à prevenção de novas infrações.

**3. Prazo para a Interposição do Recurso por Vânia:**

Conforme já mencionado, o **Art. 598 do CPP** estabelece que o assistente de acusação (ou o ofendido, ainda que não habilitado) terá o **prazo de quinze dias para interpor o recurso**.

Este prazo de quinze dias começa a contar a partir do decurso do prazo legal de cinco dias para o Ministério Público recorrer, conforme o **Art. 593, inciso III, do CPP**, que prevê o prazo de cinco dias para a interposição de apelação.

No caso, Vânia e seu(ua) advogado(a) foram intimados da sentença. A intimação permite que o Ministério Público, tendo sido igualmente intimado, possa apresentar seu recurso dentro do prazo legal. Uma vez expirado o prazo de 5 dias do Ministério Público sem que este tenha interposto recurso, inicia-se o prazo de 15 dias para Vânia interpor sua apelação como assistente de acusação subsidiário.

**Em suma:**

*   **Habilitação e Legitimidade:** Vânia tem plena legitimidade para interpor recurso como assistente de acusação, mesmo sem habilitação formal prévia, com base no Art. 598 do CPP. A habilitação formal, por petição simples, deve ser providenciada o quanto antes.
*   **Objeto do Recurso:** A discordância com as penas substitutivas é um objeto válido para o recurso de apelação interposto pelo assistente, buscando a manutenção da pena privativa de liberdade ou a imposição de restritivas de direitos mais severas e adequadas, conforme argumentação jurídica sobre o Art. 44 do CP.
*   **Prazo Recursal:** O prazo para Vânia interpor o recurso é de **quinze dias**, contados a partir do término do prazo de cinco dias que o Ministério Público tinha para recorrer e que se esgotou sem manifestação.

Como advogado(a) de Vânia, o próximo passo é protocolar a petição de habilitação como assistente de acusação e, concomitantemente ou imediatamente após, interpor o recurso de apelação, nos termos do Art. 593, III, e Art. 598 do CPP, fundamentando a necessidade de reforma da sentença no que tange à substituição da pena privativa de liberdade por restritivas de direitos, argumentando pela insuficiência destas para os fins da reprimenda penal."
42_direito_penal_questao_3,42_direito_penal,"Prezados(as) membros(as) da Banca Examinadora,

Na condição de advogado(a) de Douglas, apresento as contrarrazões aos embargos infringentes opostos pelo Ministério Público, postulando, preliminarmente, a extinção da punibilidade pela prescrição da pretensão punitiva e, subsidiariamente, a manutenção da absolvição em relação ao delito de falsa identidade.

---

**1. DA PRELIMINAR DE MÉRITO: DA PRESCRIÇÃO DA PRETENSÃO PUNITIVA EM RELAÇÃO AO DELITO DE FALSA IDENTIDADE (ART. 307 DO CÓDIGO PENAL)**

Em primeiro e mais relevante plano, cumpre arguir a ocorrência da prescrição da pretensão punitiva estatal em relação ao crime de falsa identidade, tipificado no Art. 307 do Código Penal.

De acordo com o Art. 109 do Código Penal, o prazo prescricional é determinado pela pena máxima cominada ao delito. O Art. 307 do Código Penal prevê pena de detenção de 3 (três) meses a 1 (um) ano, ou multa. Conforme o Art. 109, inciso VI, do CP, a prescrição ocorre em 3 (três) anos, se o máximo da pena é inferior a 1 (um) ano, ou se o crime é apenado somente com multa. No caso do Art. 307 do CP, a pena máxima é de 1 (um) ano, o que atrai o prazo prescricional de 3 (três) anos.

A denúncia foi recebida em 10/02/2020, que é a primeira causa interruptiva da prescrição, nos termos do Art. 117, inciso I, do Código Penal. A partir dessa data, iniciou-se a contagem do prazo prescricional.

A sentença de primeira instância foi proferida em 10/10/2023. Entretanto, o que se observa é que, entre a data do recebimento da denúncia (10/02/2020) e a data da prolação da sentença (10/10/2023), transcorreu um período superior a 3 (três) anos.

Especificamente:
*   **Recebimento da denúncia:** 10/02/2020.
*   **Decurso do prazo prescricional (3 anos):** O prazo se completaria em 10/02/2023.
*   **Sentença proferida:** 10/10/2023.

Nesse interregno, ou seja, entre o recebimento da denúncia e a prolação da sentença, consumou-se a prescrição da pretensão punitiva, na modalidade intercorrente ou superveniente ao recebimento da denúncia. Tal modalidade prescricional é calculada com base na pena máxima abstratamente cominada ao delito, uma vez que ainda não havia uma sentença condenatória transitada em julgado para a acusação que pudesse fixar a pena em concreto para fins de prescrição retroativa.

Mesmo que a sentença de primeira instância tenha absolvido Douglas do crime de falsa identidade, e o Tribunal de Justiça, por maioria, tenha mantido essa absolvição, o Ministério Público busca, por meio dos embargos infringentes, reverter essa decisão para uma condenação. Contudo, qualquer eventual condenação que pudesse vir a ser proferida estaria irremediavelmente fulminada pela prescrição, que se operou antes mesmo da prolação da sentença de primeiro grau.

A prescrição é matéria de ordem pública e pode ser reconhecida a qualquer tempo e grau de jurisdição, inclusive de ofício pelo magistrado ou tribunal, conforme o Art. 61 do Código de Processo Penal e Art. 107, inciso IV, do Código Penal.

Diante do exposto, requer-se o reconhecimento e a declaração da extinção da punibilidade de Douglas em relação ao delito de falsa identidade (Art. 307 do CP), pela ocorrência da prescrição da pretensão punitiva estatal.

**2. DO MÉRITO: DA MANUTENÇÃO DA ABSOLVIÇÃO POR FALTA DE PROVAS EM RELAÇÃO AO DELITO DE FALSA IDENTIDADE (ART. 307 DO CÓDIGO PENAL)**

Caso a preliminar de prescrição não seja acolhida, o que se admite apenas para argumentar, no mérito, os embargos infringentes opostos pelo Ministério Público não devem ser providos, devendo ser mantida a absolvição de Douglas em relação ao crime de falsa identidade.

A sentença de primeiro grau, ao analisar as provas produzidas durante a instrução processual, concluiu pela ausência de elementos probatórios suficientes para embasar uma condenação pelo delito do Art. 307 do CP. Essa decisão foi devidamente fundamentada, apontando a fragilidade da prova para fins de condenação.

Posteriormente, o Tribunal de Justiça, ao julgar a apelação interposta pelo Ministério Público, por maioria de votos, denegou o recurso e manteve integralmente a sentença absolutória. Isso significa que, mesmo em sede recursal, prevaleceu o entendimento de que não há nos autos prova robusta e inequívoca da materialidade e autoria do crime de falsa identidade imputado a Douglas.

O direito penal brasileiro é regido pelo princípio da presunção de inocência (Art. 5º, inciso LVII, da Constituição Federal) e pelo princípio do *in dubio pro reo*. Para que se profira uma condenação criminal, é imprescindível a certeza quanto à prática do delito e sua autoria, não bastando meras conjecturas ou indícios frágeis. Na dúvida razoável, a balança deve pender em favor do réu.

No presente caso, já houve duas instâncias judiciais que se manifestaram pela insuficiência de provas para a condenação pelo Art. 307 do CP: o juízo de primeiro grau e o Tribunal de Justiça, este último por maioria de seus membros. A existência de um voto vencido no julgamento da apelação não tem o condão de, por si só, reverter o entendimento consolidado pela maioria, especialmente quando a base para a absolvição é a falta de provas.

Os embargos infringentes, embora visem fazer prevalecer o voto minoritário divergente em recurso não unânime, devem ser analisados com a mesma cautela e rigor probatório que pautaram as decisões anteriores. Não há, nos autos ou na fundamentação do recurso do Ministério Público, qualquer novo elemento que pudesse alterar a percepção sobre a insuficiência de provas. A manutenção do voto absolutório da maioria representa a aplicação correta do direito diante do contexto probatório.

Assim, a decisão majoritária do Tribunal de Justiça, que confirmou a absolvição de Douglas por falta de provas, deve ser integralmente mantida, em respeito aos princípios constitucionais do devido processo legal, do contraditório, da ampla defesa e, acima de tudo, da presunção de inocência e do *in dubio pro reo*.

**3. DOS PEDIDOS**

Diante do exposto, o(a) advogado(a) de Douglas requer a Vossas Excelências que:

a) **PRELIMINARMENTE**, seja acolhida a prejudicial de mérito para reconhecer e declarar a **extinção da punibilidade** de Douglas em relação ao delito tipificado no Art. 307 do Código Penal, em virtude da ocorrência da **prescrição da pretensão punitiva**, nos termos do Art. 107, inciso IV, do Código Penal, c/c Art. 61 do Código de Processo Penal.

b) **SUBSIDIARIAMENTE**, caso não seja acolhida a preliminar, seja negado provimento aos embargos infringentes interpostos pelo Ministério Público, para **manter inalterada a decisão majoritária** do Tribunal de Justiça que denegou o recurso de apelação ministerial e confirmou a absolvição de Douglas pelo delito de falsa identidade, em observância ao princípio do *in dubio pro reo* e à presunção de inocência.

Termos em que,
Pede deferimento.

Local e Data: [Cidade], 10 de setembro de 2024.

Advogado(a) de Douglas
OAB nº [Número]"
42_direito_penal_questao_4,42_direito_penal,"Prezado(a) examinando(a),

A presente questão aborda temas cruciais da execução penal, como a progressão de regime, a responsabilidade do Estado na garantia de vagas e a correta interpretação e aplicação das condições de cumprimento do regime aberto, especialmente diante da excepcionalidade do albergue domiciliar.

Como membro da banca examinadora da FGV, analisarei as decisões judiciais à luz da legislação, da jurisprudência consolidada e dos princípios da execução penal.

---

**Análise Jurídica Fundamentada**

Thiago preencheu os requisitos objetivos para a progressão ao regime aberto, o que, por si só, já lhe confere um direito subjetivo a tal benefício, conforme o princípio da individualização da pena e da progressividade da execução. As decisões judiciais posteriores, contudo, merecem análise crítica quanto à sua legalidade e constitucionalidade.

**I. Da Ilegalidade da Condição de Vaga em Casa de Albergado para a Progressão de Regime**

A primeira decisão do Juiz da Execução, que condicionou a efetiva progressão de Thiago ao regime aberto à existência de vaga em casa de albergado e o manteve no regime semiaberto devido à superlotação, é manifestamente ilegal e inconstitucional.

1.  **Direito Subjetivo à Progressão e Responsabilidade Estatal:** Uma vez preenchidos os requisitos objetivos (lapso temporal) e subjetivos (bom comportamento, quando exigido, o que não foi objeto de questionamento no enunciado), a progressão de regime prisional é um direito subjetivo do condenado, não podendo ser obstada pela ineficiência do Estado em prover a infraestrutura necessária para o cumprimento da pena. A Lei de Execução Penal (LEP), em seu artigo 112, estabelece os critérios para a progressão, e a disponibilidade de vaga não está entre eles.

2.  **Súmula Vinculante nº 56 do STF:** O Supremo Tribunal Federal já pacificou a matéria por meio da **Súmula Vinculante nº 56**, que estabelece: *""A falta de estabelecimento penal adequado não autoriza a manutenção do condenado em regime prisional mais gravoso.""* Esta súmula é clara ao vedar que o apenado seja prejudicado pela omissão ou falha do poder público. Manter Thiago em regime semiaberto, quando já tem direito ao regime aberto, caracteriza um cumprimento de pena em regime mais gravoso do que o devido.

3.  **Natureza e Finalidade do Regime Aberto:** O regime aberto, nos termos do artigo 36 do Código Penal e artigos 113 a 115 da LEP, baseia-se na autodisciplina e senso de responsabilidade do condenado, devendo ser cumprido em casa de albergado ou, na sua falta, em estabelecimento adequado, com o trabalho externo e a frequência a cursos como condições ordinárias. A impossibilidade material de dispor de casa de albergado não pode anular o direito do apenado nem o manter em condição mais gravosa.

4.  **Harmonização do Regime:** Diante da ausência de vaga em estabelecimento adequado, a solução jurídica correta, conforme entendimento pacificado dos tribunais superiores, seria a **harmonização do regime**, concedendo-se o cumprimento da pena em **albergue domiciliar**, com a imposição das condições gerais e especiais compatíveis com o regime aberto (Art. 115 da LEP e Súmula 493 do STJ, por analogia, no sentido de não agravar o regime por falta de estrutura).

Portanto, a primeira decisão judicial era ilegal e mereceria provimento do agravo em execução para a imediata progressão ao regime aberto em modalidade de albergue domiciliar, diante da inexistência de vaga em casa de albergado.

**II. Da Ilegalidade da Imposição de Prestação de Serviços à Comunidade (PSC) como Condição Especial do Regime Aberto, com Fundamento no Art. 113 da LEP**

Após a interposição do agravo, o Juiz reconsiderou e permitiu o cumprimento da pena em albergue domiciliar, mas impôs a prestação de serviços à comunidade (PSC) como condição especial, com base no Art. 113 da LEP. Essa segunda decisão, embora conceda o albergue domiciliar, é também ilegal quanto à imposição da PSC.

1.  **Interpretação Restritiva do Art. 113 da LEP:** O artigo 113 da LEP dispõe: *""O condenado será transferido para casa de albergado ou, na falta desta, para estabelecimento adequado. Na ausência de ambos, o Juiz poderá determinar que o condenado cumpra a pena em albergue domiciliar, impondo-lhe condições especiais adequadas à sua situação pessoal e compatíveis com as características do regime aberto.""*
    *   A finalidade deste dispositivo é permitir que o Juiz, diante da omissão estatal em prover a estrutura física, possa garantir a progressão ao regime aberto em domicílio, adaptando as condições de fiscalização e cumprimento. As ""condições especiais"" a que se refere o artigo devem ser **compatíveis com as características do regime aberto** e ter como objetivo a fiscalização, monitoramento e garantia da autodisciplina do apenado. Exemplos comuns são o recolhimento domiciliar em horários específicos, a proibição de frequentar determinados lugares, a obrigação de comparecimento periódico em juízo, entre outros.

2.  **Natureza da Prestação de Serviços à Comunidade (PSC):** A PSC, nos termos do artigo 43, inciso IV, e artigo 46 do Código Penal, é uma modalidade de **pena restritiva de direitos**. Ela pode substituir a pena privativa de liberdade em determinados casos ou ser imposta como condição no regime semiaberto ou aberto, mas sempre como um componente da pena *originariamente aplicada* ou de uma *conversão* legalmente prevista. A PSC não se confunde com uma ""condição especial de monitoramento"" do regime aberto. Ela impõe uma obrigação de trabalho não remunerado, que representa uma restrição de direitos *autônoma* ou *substitutiva*, e não uma mera regra de fiscalização do regime.

3.  **Incompatibilidade e *Reformatio In Pejus* Indireta:** A imposição da PSC como ""condição especial"" do regime aberto em albergue domiciliar é incompatível com a natureza do próprio regime e representa um agravamento indevido da situação do apenado, configurando uma espécie de *reformatio in pejus* indireta. Thiago progrediu para um regime menos gravoso (aberto), mas lhe foi imposta uma obrigação (trabalho não remunerado) que não é típica ou legalmente exigível para a generalidade dos apenados no regime aberto e que tem natureza de **pena**, não de **condição de fiscalização**. As condições do regime aberto estão previstas no artigo 115 da LEP (comparecimento periódico, permanência em local fixado, não ausentar-se, etc.), e a PSC não se encaixa nesse rol.

4.  **Princípio da Legalidade Estrita:** As penas e suas condições devem obedecer ao princípio da legalidade estrita. Não pode o Juiz da Execução criar novas penas ou agravar o cumprimento da pena de forma não prevista em lei, mesmo sob o manto de ""condições especiais"". O Art. 113 da LEP não autoriza a transformação de uma pena restritiva de direitos em ""condição especial"" do regime aberto decorrente da falta de vaga em casa de albergado.

Como advogado(a) de Thiago, a alegação principal seria que, embora o albergue domiciliar seja a solução correta diante da ausência de casa de albergado, a imposição da prestação de serviços à comunidade como condição especial é ilegal, pois transborda os limites interpretativos do Art. 113 da LEP e desvirtua a natureza jurídica das ""condições especiais"" do regime aberto, impondo uma obrigação de natureza penal não prevista para o regime em questão.

---

**Conclusão**

Ambas as decisões do Juiz da Execução contêm ilegalidades. A primeira, ao condicionar a progressão à vaga, violava o direito subjetivo de Thiago e a Súmula Vinculante nº 56. A segunda, embora corrija o vício do regime, incorre em nova ilegalidade ao impor a Prestação de Serviços à Comunidade como condição especial do regime aberto em albergue domiciliar.

Como advogado(a) de Thiago, no agravo em execução já interposto (ou em um novo, se a decisão fosse considerada nova e não mera reconsideração na mesma peça processual), pleitearia o afastamento da exigência de vaga (que foi corrigida pela reconsideração) e, principalmente, a exclusão da condição de prestação de serviços à comunidade, mantendo-se Thiago em albergue domiciliar, mas apenas com as condições compatíveis com a natureza do regime aberto e com o objetivo de sua fiscalização, nos termos do Art. 115 da LEP."
42_direito_tributario_questao_1,42_direito_tributario,"Prezados(as) membros(as) da banca examinadora,

A questão apresentada envolve a análise da viabilidade e do instrumento processual adequado para a pretensão de José Silva de reaver valores pagos indevidamente a título de taxa municipal de combate a incêndios, após ter sua solicitação administrativa negada. A resposta será estruturada em itens, abordando os pontos cruciais para a correta orientação jurídica do caso.

---

**I. Da Natureza Jurídica da Taxa de Combate a Incêndios e Sua Inconstitucionalidade**

A primeira e fundamental premissa para a pretensão de José Silva é a natureza jurídica da exação e sua constitucionalidade. A jurisprudência do Supremo Tribunal Federal (STF) é pacífica e vinculante sobre o tema: **a taxa de combate a incêndios é inconstitucional**.

O serviço de segurança pública, que inclui o combate a incêndios, é um serviço público *universal e indivisível* (uti universi), prestado à coletividade em geral. Consoante o artigo 145, II, da Constituição Federal, as taxas podem ser cobradas em razão do exercício do poder de polícia ou pela utilização, efetiva ou potencial, de serviços públicos *específicos e divisíveis*, prestados ao contribuinte ou postos à sua disposição.

Serviços como o de combate a incêndios não podem ser mensurados ou individualizados em relação a cada contribuinte, sendo impossível identificar o usuário direto do serviço e o benefício específico a ele atribuído. Trata-se de um serviço essencial à segurança de toda a coletividade, financiado por impostos (tributos de caráter não vinculado) e não por taxas.

Essa compreensão foi cristalizada pelo STF, notadamente por meio da **Súmula Vinculante nº 19**, que estabelece: ""A taxa cobrada exclusivamente em razão dos serviços públicos de coleta, remoção e tratamento ou destinação de lixo ou resíduos provenientes de imóveis, não viola o art. 145, II, da Constituição Federal."" Por *interpretação a contrario sensu* e pelo entendimento reiterado da Corte, fica implícito que outros serviços, como o de combate a incêndios, quando custeados por taxa, violam o referido dispositivo constitucional.

Ademais, no julgamento do **Recurso Extraordinário (RE) nº 643.247/SP**, com repercussão geral reconhecida (Tema 446), o Plenário do STF reafirmou a inconstitucionalidade da cobrança de taxa de incêndio pelos municípios, decidindo que tais serviços são custeados por impostos e não podem ser remunerados por taxa, seja municipal ou estadual. O acórdão desse recurso tem eficácia *erga omnes* e efeito vinculante.

Portanto, a taxa municipal de combate a incêndios paga por José Silva é, de fato, indevida por vício de inconstitucionalidade.

**II. Da Prescrição para a Repetição do Indébito Tributário**

No que tange à prescrição para a restituição do indébito tributário, aplica-se o disposto no **artigo 168, inciso I, do Código Tributário Nacional (CTN)**, que estabelece o prazo de cinco anos, contado da data da extinção do crédito tributário, ou seja, da data do pagamento indevido.

No caso concreto, José Silva efetuou pagamentos nos ""últimos dois anos"". Considerando que cada pagamento constitui uma extinção de crédito tributário e que o prazo prescricional é de cinco anos, os valores pagos estão **integralmente dentro do prazo para a propositura da ação de repetição de indébito**.

É crucial ressaltar que o **protocolo do pedido administrativo de restituição não suspende nem interrompe o prazo prescricional** para a ação judicial de repetição de indébito tributário. Diferentemente do que ocorre com a prescrição para o lançamento ou para a execução fiscal (art. 174, parágrafo único, CTN), o CTN não prevê que o processo administrativo de restituição tenha o condão de suspender ou interromper a contagem do prazo quinquenal para a ação judicial pelo contribuinte. O Superior Tribunal de Justiça (STJ) possui entendimento consolidado nesse sentido, afastando a aplicação analógica de normas administrativas gerais (como o Decreto nº 20.910/32) em matéria tributária, dada a especificidade e completude do CTN. Assim, o prazo prescricional de 5 anos continuou a correr desde cada pagamento efetuado. No caso, como os pagamentos foram nos últimos dois anos, a pretensão ainda não foi fulminada pela prescrição.

**III. Do Instrumento Processual Adequado para o Pleito de José Silva**

José Silva, assessorado por este advogado(a), requer a propositura de uma ""ação anulatória da decisão administrativa que denegou a restituição"". Embora a anulação da decisão administrativa seja um passo intermediário que poderia, indiretamente, levar à restituição, **este não é o instrumento processual mais adequado e direto para a pretensão de José Silva**.

A ação anulatória, prevista no **artigo 38 da Lei de Execuções Fiscais (Lei nº 6.830/80)** e aplicável subsidiariamente ao CTN, geralmente visa desconstituir um ato administrativo de lançamento que crie ou modifique uma obrigação tributária (e.g., auto de infração, decisão que mantém uma exigência). No caso, a decisão administrativa apenas *denegou* um pedido de restituição; ela não criou uma nova obrigação tributária para José.

O objetivo final de José Silva é a **restituição dos valores pagos indevidamente**. Para tanto, o instrumento processual próprio e mais eficaz é a **Ação de Repetição de Indébito Tributário**, prevista no **artigo 165 do Código Tributário Nacional**. Esta ação tem como *causa de pedir* o pagamento de tributo indevido (seja por erro de fato, de direito, ou por inconstitucionalidade/ilegalidade do tributo) e como *pedido principal* a devolução dos valores pagos.

Ao propor uma Ação de Repetição de Indébito, o contribuinte buscará diretamente a declaração judicial da inconstitucionalidade da taxa municipal de combate a incêndios e, consequentemente, a condenação do Município à restituição dos valores pagos, devidamente corrigidos monetariamente e acrescidos de juros de mora desde o trânsito em julgado da decisão (Súmula nº 188 do STJ), ou, em alguns casos, desde o pagamento (a depender da causa de pedir e da interpretação judicial sobre a Súmula 162 do STJ).

A decisão judicial que julgar procedente a Ação de Repetição de Indébito automaticamente implicará o reconhecimento da improcedência da decisão administrativa que denegou a restituição, sem a necessidade de uma ação anulatória específica para essa finalidade. A anulação da decisão administrativa seria uma consequência lógica do reconhecimento da inconstitucionalidade da cobrança e do direito à restituição.

A competência para processar e julgar a Ação de Repetição de Indébito contra o Município será da **Justiça Estadual**, uma vez que a União não é parte na relação processual. O rito será o ordinário.

**IV. Conclusão e Orientação Jurídica**

Diante do exposto, a orientação jurídica a ser fornecida a José Silva é a seguinte:

1.  **Mérito da Pretensão:** A taxa municipal de combate a incêndios é **inconstitucional**, conforme pacífico e vinculante entendimento do Supremo Tribunal Federal (Súmula Vinculante nº 19 e RE nº 643.247/SP - Tema 446 de Repercussão Geral). Portanto, José Silva tem pleno direito à restituição dos valores pagos.
2.  **Prescrição:** Os pagamentos realizados nos ""últimos dois anos"" estão **dentro do prazo prescricional quinquenal** previsto no artigo 168, I, do CTN. O pedido administrativo não suspendeu nem interrompeu este prazo.
3.  **Instrumento Processual:** O instrumento processual mais adequado e direto para a pretensão de José Silva não é a ""ação anulatória da decisão administrativa"", mas sim a **Ação de Repetição de Indébito Tributário**, com fundamento nos artigos 165 e seguintes do CTN.
4.  **Pedidos na Ação:** Na Ação de Repetição de Indébito, deverá ser requerida a **declaração de inconstitucionalidade** da taxa municipal de combate a incêndios e a **condenação do Município à restituição** dos valores pagos indevidamente nos últimos dois anos, acrescidos de correção monetária e juros de mora.

Recomenda-se, portanto, que José Silva seja orientado a desistir da ideia de uma ação anulatória específica da decisão administrativa e que este(a) advogado(a) proponha, em seu nome, uma **Ação de Repetição de Indébito Tributário** perante a Justiça Estadual, visando diretamente a recuperação dos valores pagos indevidamente.

É o parecer."
42_direito_tributario_questao_2,42_direito_tributario,"Prezados(as) candidatos(as),

A questão apresentada envolve princípios basilares do Direito Tributário, a hierarquia das normas e a correta aplicação da lei no tempo. Para defender os interesses da Barbearia Júpiter Ltda., é imperativo combater a autuação fiscal com base nos seguintes argumentos jurídicos fundamentados:

---

### **PARECER JURÍDICO - DEFESA DA BARBEARIA JÚPITER LTDA.**

A autuação fiscal da Barbearia Júpiter Ltda., que aplicou a nova alíquota de 5% de ISS (prevista na Lei Ordinária Municipal nº XXX/2022) para fatos geradores ocorridos nos anos de 2019 a 2021, é manifestamente ilegal e inconstitucional, devendo ser integralmente anulada. Os fundamentos para tal defesa são os seguintes:

**1. Da Violação ao Princípio da Irretroatividade da Lei Tributária Maléfica (CF/88, Art. 150, III, ""a"" e CTN, Art. 105):**

O cerne da ilegalidade reside na aplicação retroativa de uma lei que majorou a carga tributária. O Princípio da Irretroatividade da Lei Tributária, expressamente previsto no artigo 150, inciso III, alínea ""a"", da Constituição Federal de 1988, e reforçado pelo artigo 105 do Código Tributário Nacional (CTN), estabelece que a lei tributária que institui ou majora tributos não pode ser aplicada a fatos geradores ocorridos antes de sua entrada em vigor.

No caso em tela, a Lei Ordinária Municipal nº XXX, de 1º de outubro de 2022, alterou as alíquotas do ISS de 2% para 5%. Contudo, o auto de infração cobrou a nova alíquota majorada para os anos de 2019 a 2021. Os fatos geradores do ISS (prestação de serviços) ocorreram integralmente sob a égide da Lei Complementar Municipal nº YYY/2015, que previa a alíquota de 2%.

A obrigação tributária principal surge no momento da ocorrência do fato gerador (CTN, art. 116). A lei aplicável à constituição do crédito tributário é aquela vigente à época da ocorrência do respectivo fato gerador, conforme preceitua o artigo 144 do CTN: ""O lançamento reporta-se à data da ocorrência do fato gerador da obrigação e rege-se pela lei então vigente, ainda que posteriormente modificada ou revogada"".

A justificativa do auditor fiscal, que se baseou no brocardo ""tempus regit actum"" para aplicar a lei vigente no momento da lavratura do auto de infração, é equivocada. O princípio ""tempus regit actum"" aplica-se a normas de caráter processual ou formal, que regem os atos praticados sob sua vigência. Não se aplica, contudo, à norma material que define a própria obrigação tributária e seus elementos essenciais (base de cálculo, alíquota, sujeito passivo), os quais são determinados pelo regime jurídico vigente na data do fato gerador.

Portanto, a aplicação da alíquota de 5% para os períodos de 2019 a 2021 configura clara violação ao princípio da irretroatividade tributária, tornando nula a cobrança de diferenças.

**2. Da Violação aos Princípios da Anterioridade Anual e Nonagesimal (CF/88, Art. 150, III, ""b"" e ""c""):**

Mesmo que a lei não estivesse sendo aplicada retroativamente, e se a cobrança se referisse a fatos geradores futuros (a partir de 2023), a majoração das alíquotas de ISS por meio da Lei Ordinária Municipal nº XXX/2022 estaria sujeita aos princípios da anterioridade anual e nonagesimal.

*   **Princípio da Anterioridade Anual (ou do Exercício Financeiro):** Previsto no artigo 150, inciso III, alínea ""b"", da CF/88, impede a cobrança de tributos no mesmo exercício financeiro em que haja sido publicada a lei que os instituiu ou aumentou.
*   **Princípio da Anterioridade Nonagesimal (ou Noventena):** Previsto no artigo 150, inciso III, alínea ""c"", da CF/88, proíbe a cobrança de tributos antes de decorridos noventa dias da data da publicação da lei que os instituiu ou aumentou.

No caso em tela, a Lei Ordinária Municipal nº XXX foi publicada em 1º de outubro de 2022. Para que a majoração da alíquota de ISS pudesse ser exigida legalmente, seria necessário que a lei respeitasse ambos os princípios:

1.  Apenas poderia ser cobrada a partir do exercício financeiro seguinte ao de sua publicação, ou seja, a partir de **1º de janeiro de 2023**.
2.  Ademais, deveria aguardar o decurso de 90 dias de sua publicação. Publicada em 1º de outubro de 2022, os noventa dias se completariam em 30 de dezembro de 2022.

Assim, a nova alíquota de 5% somente poderia ser aplicada aos fatos geradores de ISS ocorridos a partir de 1º de janeiro de 2023. A cobrança para os anos de 2019 a 2021, portanto, não apenas desrespeita a irretroatividade, mas também os prazos constitucionais de vacatio legis qualificada, os quais protegem o contribuinte contra a surpresa fiscal.

**3. Da Ilegalidade Formal da Lei Ordinária Municipal nº XXX/2022 (Conflito Lei Ordinária vs. Lei Complementar Municipal):**

Embora os argumentos anteriores sejam suficientes para anular a cobrança, cumpre destacar um possível vício formal na própria Lei Ordinária Municipal nº XXX/2022. O enunciado informa que esta Lei Ordinária alterou as alíquotas previstas na Lei Complementar Municipal nº YYY/2015.

Em princípio, matérias reservadas à lei complementar, por expressa determinação constitucional ou legal, não podem ser veiculadas ou alteradas por lei ordinária. Embora a fixação de alíquotas de ISS por municípios, dentro dos limites estabelecidos pela Lei Complementar Federal nº 116/2003, seja comumente feita por lei ordinária, o fato de a Lei Complementar Municipal nº YYY/2015 ter estabelecido as alíquotas a 2% sugere que o próprio município optou por tratar essa matéria através de um instrumento normativo de hierarquia superior à lei ordinária.

Se a Lei Complementar Municipal nº YYY/2015, ao fixar as alíquotas, o fez no âmbito de sua competência legislativa complementar (ex: para veicular matérias reservadas à LC, como normas gerais), uma lei ordinária não teria competência para alterá-la diretamente sem incorrer em vício de hierarquia de normas. Uma lei ordinária não pode revogar ou modificar uma lei complementar de mesma esfera federativa, salvo disposição expressa e restrita da LC permitindo tal flexibilização para pontos específicos. A alteração de *todas* as alíquotas por lei ordinária, em detrimento de uma lei complementar municipal anterior, pode caracterizar usurpação de competência legislativa, tornando a própria Lei Ordinária Municipal nº XXX/2022 inconstitucional ou ilegal no ponto em que inova em matéria reservada à lei complementar.

**Conclusão e Recomendações:**

Diante do exposto, a autuação fiscal da Barbearia Júpiter Ltda. é nula de pleno direito, pois se baseia na aplicação de uma lei tributária majoradora de forma retroativa, em frontal violação aos princípios constitucionais da irretroatividade tributária, da anterioridade anual e da anterioridade nonagesimal. Adicionalmente, a própria validade da lei que promoveu a majoração pode ser questionada por vício formal.

Recomenda-se à Barbearia Júpiter Ltda. que apresente **impugnação administrativa** ao auto de infração, fundamentando exaustivamente os pontos acima. Caso a decisão administrativa seja desfavorável, deverá ser considerada a propositura de **ação judicial anulatória de débito fiscal** ou **Mandado de Segurança**, para garantir a anulação da cobrança indevida e a restituição dos valores eventualmente pagos a maior, com correção monetária e juros.

---"
42_direito_tributario_questao_3,42_direito_tributario,"A questão apresentada envolve a análise da constitucionalidade de diferenciações de alíquotas do Imposto sobre a Propriedade de Veículos Automotores (IPVA) estabelecidas pelo Estado Alfa, com base em dois critérios distintos: o uso do veículo e sua origem (nacional ou importado).

**I. Diferenciação de Alíquotas em Razão do Uso do Automóvel (Carro de Passeio vs. Táxi)**

A Constituição Federal de 1988, em seu Artigo 155, inciso III, e, notadamente, no § 6º, inciso II, confere aos Estados e ao Distrito Federal a competência para instituir o IPVA, estabelecendo expressamente a possibilidade de tratamento tributário diferenciado para este imposto.

O Art. 155, § 6º, inciso II, da CF/88, preceitua que:
""O IPVA terá alíquotas mínimas fixadas por resolução do Senado Federal e poderá ter alíquotas diferenciadas em função do **tipo e utilização**.""

No caso concreto, o Estado Alfa estabeleceu alíquotas diferenciadas de 4% para automóveis de passeio e de 2% para táxis. A utilização como táxi configura uma modalidade de uso do veículo distinta e socialmente relevante (transporte público individual), que difere substancialmente do uso particular (carro de passeio). Essa diferenciação encontra amparo direto na permissão constitucional para fixar alíquotas em função da ""utilização"" do veículo.

O Supremo Tribunal Federal (STF) tem reiteradamente afirmado a constitucionalidade de alíquotas de IPVA diferenciadas em função do tipo e da utilização do veículo, desde que observados os limites da razoabilidade e da vedação à confiscação. A diferenciação entre veículos de passeio e táxis, sendo estes últimos instrumentos de trabalho e de prestação de serviço público, justifica-se plenamente sob o critério da utilização, podendo inclusive buscar atender a princípios como a capacidade contributiva ou a seletividade (embora esta seja mais comum em impostos indiretos, a ideia de ""utilização"" pode tangenciar um aspecto de seletividade social/econômica).

Portanto, a diferenciação de alíquotas do IPVA com base no uso do automóvel como carro de passeio e como táxi é **constitucional e legítima**, pois está em consonância com a expressa autorização do Art. 155, § 6º, II, da Constituição Federal.

**II. Diferenciação de Alíquotas em Razão da Origem do Automóvel (Importado vs. Nacional)**

A mesma lei do Estado Alfa estabeleceu uma alíquota majorada de 10% para automóveis importados, em relação àquela incidente sobre os automóveis nacionais. Esta diferenciação, pautada na origem do bem, não encontra respaldo na Constituição Federal e, ao contrário, viola princípios fundamentais do sistema tributário nacional.

Conforme já mencionado, o Art. 155, § 6º, II, da CF/88, permite a diferenciação de alíquotas do IPVA apenas em função do **""tipo e utilização""** do veículo. A Constituição é taxativa ao elencar os critérios permissivos para a diferenciação. A origem do veículo (nacional ou importado) não está arrolada como critério válido para a distinção de alíquotas do IPVA.

Ademais, esta diferenciação contraria o **princípio da isonomia tributária** (Art. 150, II, da CF/88), que veda a instituição de tratamento desigual entre contribuintes que se encontrem em situação equivalente, salvo as diferenciações expressamente permitidas na Constituição. No caso do IPVA, dois veículos do mesmo tipo e utilização, mas com origens distintas, possuem a mesma natureza de bem patrimonial para fins de tributação pelo IPVA. Impor uma alíquota maior a um bem simplesmente por ser importado configura uma distinção arbitrária e não autorizada constitucionalmente.

Além disso, tal medida poderia configurar uma tentativa disfarçada de instituir um ""imposto de importação"" ou uma barreira alfandegária, matéria que é de **competência privativa da União** (Art. 153, I e Art. 155, § 2º, X, da CF/88). Os Estados não podem, por meio de seus impostos patrimoniais, criar mecanismos de proteção de mercado ou de discriminação de bens em razão de sua procedência, sob pena de violar a competência tributária federal e os princípios do livre comércio.

O STF já pacificou o entendimento de que é inconstitucional a diferenciação de alíquotas do IPVA com base na origem do veículo (nacional ou importado), por não haver autorização constitucional para tal critério e por violar o princípio da isonomia tributária e as regras de competência.

Portanto, a diferenciação de alíquotas do IPVA com base na origem do automóvel (importado vs. nacional) é **inconstitucional e ilegítima**, por violar o Art. 150, II, e o Art. 155, § 6º, II, da Constituição Federal, bem como as regras de competência tributária."
42_direito_tributario_questao_4,42_direito_tributario,"Prezados(as) examinadores(as),

A questão posta demanda análise sobre a constitucionalidade de um projeto de lei estadual, de iniciativa do Tribunal de Justiça, que versa sobre organização judiciária e a instituição de isenção de taxa judiciária, bem como a validade dos argumentos apresentados pelo Governador para vetar a parte referente à isenção.

Passamos à análise dos argumentos do veto:

**1. Do Argumento sobre a ""Mescla"" de Temas (Lei Isentiva Tributária com Organização Judiciária):**

O primeiro argumento do Governador se funda na suposta inconstitucionalidade material ou formal decorrente da ""mescla"" de temas – organização judiciária e isenção tributária – em um mesmo projeto de lei.

A Constituição Federal, em seu Art. 59 e seguintes, estabelece o processo legislativo, mas não impede expressamente que uma lei trate de temas diversos, desde que haja uma pertinência temática mínima e que as matérias não sejam absolutamente estranhas ou heterogêneas ao ponto de configurar os chamados ""jabutis"" legislativos (emendas que inserem matérias alheias ao objeto principal do projeto).

No caso em tela, o projeto de lei visa alterar a divisão das comarcas judiciais (matéria de organização judiciária) e instituir uma isenção da taxa judiciária. Embora sejam campos jurídicos distintos (direito processual/administrativo e direito tributário), há uma conexão funcional e teleológica. A taxa judiciária é um tributo que incide sobre a prestação de serviços judiciais, e sua isenção pode ser concebida como um instrumento para facilitar o acesso à justiça e, indiretamente, otimizar o funcionamento do próprio sistema judiciário, o que se alinha com a organização judicial.

O Supremo Tribunal Federal (STF) tem se manifestado no sentido de que a proibição de ""matérias estranhas"" em um projeto de lei não impede a inclusão de temas conexos ou complementares à matéria principal. Se a isenção da taxa judiciária tem por objetivo, por exemplo, garantir maior acessibilidade à justiça em novas comarcas ou para determinados grupos de jurisdicionados, ela se mostra coerente com o tema de organização e funcionamento do Poder Judiciário.

Portanto, a mera coexistência de normas sobre organização judiciária e isenção de taxa judiciária em um mesmo diploma legal, por si só, não configura vício de inconstitucionalidade, a menos que se demonstre uma total ausência de pertinência temática ou que a isenção foi inserida de forma indevida e desconexa ao propósito geral da lei. A argumentação do Governador, neste ponto, parece frágil, pois não detalha a razão da inconexão, limitando-se à constatação da diversidade de temas.

**2. Do Argumento sobre a Violação da Reserva de Iniciativa para Leis em Matéria Tributária do Chefe do Executivo (Simetria ao Art. 61, §1º, II, ""b"", da CRFB/88):**

O segundo argumento do Governador é o de que a iniciativa para leis em matéria tributária (especialmente isenções) seria exclusiva do Chefe do Executivo, por aplicação do princípio da simetria ao Art. 61, §1º, inciso II, alínea ""b"", da Constituição Federal.

Este argumento é **juridicamente improcedente**. Vejamos:

*   **Conteúdo do Art. 61, §1º, II, ""b"", da CRFB/88:** Este dispositivo da Constituição Federal estabelece a iniciativa privativa do Presidente da República (e, por simetria, do Governador de Estado) para leis que ""disponham sobre criação de cargos, funções ou empregos públicos na administração direta e autárquica ou aumento de sua remuneração"". Fica claro que tal norma se refere a matérias que impliquem aumento de despesa com pessoal ou a alteração da estrutura administrativa, e **não** a leis que instituam isenções tributárias.
*   **Iniciativa para Leis Tributárias:** A Constituição Federal não estabelece uma iniciativa privativa geral do Chefe do Executivo para todas as leis de natureza tributária, incluindo isenções. Pelo contrário, a regra geral para a proposição de leis tributárias (instituição, alteração ou isenções de tributos) é a **iniciativa concorrente** (ou seja, de qualquer membro ou comissão do Poder Legislativo, do Presidente da República, ou, em certos casos, do Poder Judiciário ou do Ministério Público, quando se tratar de matéria de sua competência e interesse, conforme Art. 61, *caput*). As exceções são as leis orçamentárias (Art. 165, que são de iniciativa do Executivo) e outras matérias que impliquem diretamente despesa pública ou afetem a organização administrativa do próprio Executivo.
*   **Princípio da Simetria e Suas Limitações:** O princípio da simetria constitucional determina que os Estados-membros devem observar os princípios e regras fundamentais da organização político-administrativa da União. Contudo, essa simetria não é absoluta e não estende automaticamente todas as competências privativas do Presidente da República a todos os governadores estaduais, especialmente quando se trata de matérias não expressamente vinculadas à chefia do Poder Executivo na Constituição Federal. Não há, na Constituição, um princípio geral que vincule a iniciativa de leis sobre isenção tributária ao Chefe do Executivo.
*   **Iniciativa do Tribunal de Justiça (Art. 96, II, ""d"", da CRFB/88):** O projeto de lei em questão é de iniciativa do Tribunal de Justiça. O Art. 96, inciso II, alínea ""d"", da CRFB/88 confere aos tribunais a iniciativa de leis que disponham sobre a ""organização e divisão judiciárias"". Embora a isenção de taxa judiciária seja uma matéria tributária, ela está diretamente ligada ao custo do acesso à justiça, podendo ser considerada um aspecto funcional da organização judiciária e de suas políticas de acesso. A taxa judiciária é um tributo vinculado à prestação do serviço jurisdicional, e a instituição de sua isenção, por um projeto que também trata da organização judiciária, pode ser vista como uma medida atinente ao funcionamento e à acessibilidade do Poder Judiciário. Assim, a iniciativa do Tribunal de Justiça para propor a lei que contenha a isenção da taxa judiciária, nesse contexto, seria plenamente legítima.
*   **Impacto Financeiro e Orçamentário:** O enunciado informa que a estimativa do impacto financeiro e orçamentário referente à concessão da nova isenção foi apresentada. Isso demonstra o cumprimento do requisito imposto pelo Art. 14 da Lei Complementar nº 101/2000 (Lei de Responsabilidade Fiscal), que exige que a concessão ou ampliação de incentivo ou benefício de natureza tributária, da qual decorra renúncia de receita, seja acompanhada de estimativa do impacto orçamentário-financeiro e atenda ao disposto na lei de diretrizes orçamentárias e na lei orçamentária anual, além de medidas de compensação. O cumprimento deste requisito procedimental não altera, contudo, a questão da iniciativa legislativa.

**Conclusão:**

Diante da análise, os argumentos do Governador para vetar a parte referente à isenção da taxa judiciária são, em sua maioria, inconsistentes e juridicamente equivocados:

1.  O argumento da ""mescla"" de temas carece de maior fundamentação, uma vez que a organização judiciária e a isenção de taxa judiciária podem ter pertinência temática e funcional, especialmente se a isenção visa aprimorar o acesso à justiça, um objetivo inerente à organização do Poder Judiciário.
2.  O argumento central, de violação da reserva de iniciativa do Executivo para leis tributárias, é **manifestamente improcedente**, pois o Art. 61, §1º, II, ""b"", da CRFB/88 não trata de isenções tributárias, mas sim de criação de cargos e aumento de remuneração. Não há, na Constituição Federal, regra que atribua iniciativa privativa do Executivo para leis que concedam isenções tributárias, sendo a regra a iniciativa concorrente, salvo exceções específicas não aplicáveis ao caso. A iniciativa do Tribunal de Justiça para tratar de matéria ligada à sua organização e funcionamento, que pode incluir a taxa judiciária, é amparada pelo Art. 96, II, ""d"", da CRFB/88.

Portanto, o veto do Governador, especificamente quanto ao segundo argumento, é juridicamente insustentável. O projeto de lei, na parte relativa à isenção da taxa judiciária, foi validamente proposto pelo Tribunal de Justiça e respeitou a exigência de demonstração do impacto orçamentário."
42_direito_empresarial_peca_profissional,42_direito_empresarial,"A peça prático-profissional adequada para o caso apresentado é a **PETIÇÃO INICIAL DE RECUPERAÇÃO JUDICIAL**.

---

**EXCELENTÍSSIMO(A) SENHOR(A) DOUTOR(A) JUIZ(A) DE DIREITO DA VARA ÚNICA DA COMARCA DE CAXAMBU, ESTADO DE MINAS GERAIS.**

**COMERCIAL E EXPORTADORA TRÊS PONTAS S.A.**, sociedade anônima fechada, regularmente constituída e registrada na Junta Comercial do Estado de Minas Gerais sob o NIRE [Número de Inscrição no Registro de Empresas], com inscrição no CNPJ sob o nº [Número do CNPJ], com sede na [Endereço completo da sede em Caxambu, MG], CEP [CEP], neste ato representada por seu Diretor-Presidente, Dr. Caldas Botelho, [Nacionalidade], [Estado Civil], [Profissão], portador(a) da Cédula de Identidade RG nº [Número] e do CPF nº [Número], residente e domiciliado(a) na [Endereço do Diretor-Presidente], vem, respeitosamente, à presença de Vossa Excelência, por seu advogado infra-assinado, conforme instrumento de mandato anexo (Doc. 01), com escritório profissional na [Endereço do Advogado], onde recebe intimações, com fulcro nos artigos 1º, 47 e seguintes da Lei nº 11.101/2005 (Lei de Recuperação de Empresas e Falências – LRF), propor a presente

**AÇÃO DE RECUPERAÇÃO JUDICIAL**

pelos fatos e fundamentos jurídicos a seguir expostos:

**I. DA QUALIFICAÇÃO E LEGITIMIDADE ATIVA**

A Requerente, Comercial e Exportadora Três Pontas S.A., é uma sociedade anônima fechada, cujo objeto social é a exportação de café de alta qualidade. Foi regularmente constituída em 1970, possui sede e único estabelecimento em Caxambu, MG, e atende aos requisitos do artigo 48 da Lei nº 11.101/2005 para pleitear a recuperação judicial: exerce regularmente suas atividades há mais de 2 (dois) anos e não se enquadra em nenhuma das vedações legais para o processamento do pedido.

**II. DA SÍNTESE DOS FATOS E DAS CAUSAS DA CRISE ECONÔMICO-FINANCEIRA**

A Comercial e Exportadora Três Pontas S.A. desfrutava de um histórico de sucesso e crescimento, com receitas em expansão e fluxo de caixa positivo até o primeiro semestre de 2020. Contudo, a partir desse período, foi gravemente impactada por uma série de eventos de força maior e fatos imprevisíveis que comprometeram severamente sua saúde financeira, a saber:

1.  **Crise Pandêmica (2020-2021):** A pandemia da COVID-19, de alcance global, resultou na interrupção das cadeias de suprimentos, retração do comércio internacional e perda de clientes, impactando diretamente o volume de exportações de café. As receitas da companhia caíram mais de 80% a partir do segundo semestre de 2020.
2.  **Geada de 2022:** Após um período de lenta recuperação, a sociedade foi novamente duramente atingida por uma forte geada na região sul de Minas Gerais em 2022. Este fenômeno climático adverso devastou as plantações de café de alta qualidade, sua principal matéria-prima e produto de exportação, diminuindo drasticamente a safra e, consequentemente, a capacidade produtiva e de faturamento da empresa.
3.  **Resultados Financeiros Prejudicados:** A conjugação desses eventos catastróficos levou a Requerente a acumular prejuízos líquidos significativos, que se aprofundaram anualmente: R$ 2.000.000,00 (dois milhões de reais) em 2020, R$ 6.000.000,00 (seis milhões de reais) em 2021 e R$ 14.000.000,00 (catorze milhões de reais) em 2022.
4.  **Situação de Endividamento:** Atualmente, o passivo da companhia que necessita ser renegociado e novado atinge o montante de R$ 17.000.000,00 (dezessete milhões de reais). Além disso, a sociedade enfrenta demandas trabalhistas decorrentes de rescisões contratuais que comprometem ainda mais seu fluxo de caixa, e está há cinco meses sem Certidão Negativa de Débito (CND) por absoluta impossibilidade de renovação.
5.  **Medidas de Contenção Insuficientes:** Mesmo com a adoção de diversas medidas drásticas para tentar superar a crise, como cortes no número de empregados, redução salarial, férias coletivas e a alienação de um imóvel para obtenção de recursos e pagamento de credores, a situação financeira da sociedade permanece crítica. O acionista controlador, em um gesto de comprometimento com a recuperação, investiu R$ 2.000.000,00 (dois milhões de reais) no segundo semestre de 2022, mas o retorno desse valor depende do saneamento e da retomada plena da atividade.
6.  **Risco Iminente de Falência:** A Requerente já foi alvo de dois pedidos de falência, que foram afastados com o sacrifício de seu capital e fluxo de caixa por meio de depósitos elisivos. Contudo, a continuidade dessa situação a coloca sob um risco constante e iminente de ter sua falência decretada, o que aniquilaria suas operações e o futuro de sua atividade.

**III. DO CABIMENTO DA RECUPERAÇÃO JUDICIAL E DA VIABILIDADE ECONÔMICA**

A presente ação de Recuperação Judicial encontra amparo nos artigos 1º e 47 da Lei nº 11.101/2005. O artigo 47 da LRF estabelece que a recuperação judicial visa a viabilizar a superação da situação de crise econômico-financeira do devedor, a fim de permitir a manutenção da fonte produtora, do emprego dos trabalhadores e dos interesses dos credores, promovendo, assim, a preservação da empresa, sua função social e o estímulo à atividade econômica.

No caso da Comercial e Exportadora Três Pontas S.A., a crise é real, grave e amplamente documentada, decorrente de fatores exógenos e imprevisíveis (pandemia e geada) que a impediram de honrar seus compromissos. No entanto, a empresa possui características essenciais que justificam o deferimento de seu pedido de recuperação e demonstram a sua **viabilidade econômica**:

1.  **Tradição e Experiência:** A sociedade foi constituída em 1970, consolidando uma trajetória de mais de 50 anos no mercado de exportação de café, o que lhe confere profundo conhecimento do setor e experiência mercadológica valiosa.
2.  **Mercado e Perspectivas de Melhora:** Apesar da queda da receita atual para 45% do nível de 2019, existe uma perspectiva concreta de melhora a médio prazo. Esta se fundamenta na alta do preço da *commodity* café no mercado internacional, um fator que impacta diretamente a rentabilidade das exportações, e na esperada volta de importantes clientes internacionais da União Europeia, que demonstram interesse em retomar os negócios.
3.  **Investimento do Acionista Controlador:** O aporte de R$ 2.000.000,00 realizado pelo acionista controlador no segundo semestre de 2022, apesar de ter longa recuperação, demonstra o compromisso da administração e dos acionistas com a manutenção da atividade e a superação da crise.
4.  **Aprovação em Assembleia Geral Extraordinária:** A medida de recuperação foi previamente aprovada em Assembleia Geral Extraordinária (AGE), conforme ata anexa (Doc. 02), o que evidencia a deliberação estratégica e o consenso da companhia em buscar o saneamento de suas finanças por meio da recuperação judicial.

A Requerente, portanto, não é uma empresa sem futuro, mas uma sociedade tradicional e com alto potencial de recuperação, que necessita do amparo legal para reorganizar suas dívidas, reestabelecer seu fluxo de caixa e retomar suas operações plenas, preservando empregos, gerando riqueza e cumprindo sua função social. O instituto da recuperação judicial se mostra como o meio mais eficaz para evitar a falência, que resultaria na dissolução da empresa, na perda de postos de trabalho e no prejuízo para a coletividade.

**IV. DOS REQUISITOS PARA O PROCESSAMENTO DO PEDIDO**

A Requerente, em cumprimento ao artigo 51 da Lei nº 11.101/2005, anexa a esta petição inicial os seguintes documentos e informações:

1.  **Exposição das causas concretas da situação patrimonial do devedor e das razões da crise econômico-financeira;** (já delineadas nos itens II e III desta petição);
2.  **Demonstrações contábeis relativas aos 3 (três) últimos exercícios sociais;** (Doc. 03)
3.  **Relação nominal completa dos credores, com endereço, valor do crédito, natureza e classificação de cada um;** (Doc. 04)
4.  **Relação integral dos empregados, com suas respectivas funções, salários e indenizações devidas;** (Doc. 05)
5.  **Certidão de regularidade do devedor perante a Junta Comercial;** (Doc. 06)
6.  **Relação completa dos bens particulares dos administradores e sócios controladores;** (Doc. 07)
7.  **Extratos atualizados das contas bancárias do devedor;** (Doc. 08)
8.  **Certidões de protestos;** (Doc. 09)
9.  **Relação, em ordem cronológica, de todas as ações judiciais e execuções em que o devedor figure como parte;** (Doc. 10)
10. **Ata da Assembleia Geral Extraordinária que aprovou o ajuizamento da recuperação judicial.** (Doc. 02)

**V. DOS PEDIDOS**

Diante do exposto e do cumprimento dos requisitos legais, requer a Vossa Excelência:

1.  O **deferimento do processamento da Recuperação Judicial** da Comercial e Exportadora Três Pontas S.A., nos termos do artigo 52 da Lei nº 11.101/2005.
2.  A **nomeação de Administrador Judicial** idôneo, preferencialmente profissional que preencha os requisitos do artigo 21 da LRF, intimando-o para que apresente o termo de compromisso no prazo legal.
3.  A **dispensa da apresentação de certidões negativas** para o exercício de suas atividades, conforme o artigo 52, inciso II, e o artigo 57 da Lei nº 11.101/2005, dada a notória impossibilidade de renovação da CND por 5 (cinco) meses.
4.  A **suspensão de todas as ações e execuções** contra a Requerente, nos termos do artigo 6º da Lei nº 11.101/2005, pelo prazo de 180 (cento e oitenta) dias, a contar do deferimento do processamento, evitando-se o desequilíbrio e a inviabilidade da recuperação.
5.  A **intimação do Ministério Público** para que atue no feito, conforme preceitua o artigo 52, inciso V, da LRF.
6.  A **comunicação à Junta Comercial** para anotação do deferimento da recuperação judicial, de acordo com o artigo 52, inciso VI, da LRF.
7.  A **expedição de editais** na forma do artigo 52, inciso I, da LRF, para a publicação do despacho que deferir o processamento da recuperação judicial, bem como da relação de credores apresentada pela devedora, com as advertências pertinentes.
8.  A **intimação dos credores** para, querendo, apresentarem suas divergências ou habilitações de crédito no prazo de 15 (quinze) dias, nos termos do artigo 7º, § 1º, da LRF.
9.  A **concessão do prazo de 60 (sessenta) dias** para que a Requerente apresente em juízo seu Plano de Recuperação Judicial, conforme o artigo 53 da LRF.
10. Ao final, após o trâmite legal e a aprovação pelos credores, a **homologação judicial do Plano de Recuperação Judicial** a ser apresentado, concedendo-se a recuperação judicial à Comercial e Exportadora Três Pontas S.A., afastando-se, em definitivo, a possibilidade de decretação de falência.
11. A produção de todas as provas em direito admitidas, em especial a documental, que desde já se anexa.

Dá-se à causa o valor de R$ 17.000.000,00 (dezessete milhões de reais), correspondente ao valor total do passivo a ser reestruturado, conforme o artigo 58 da Lei nº 11.101/2005.

Nestes termos,
Pede deferimento.

Caxambu, MG, [Data atual].

**[Nome Completo do Advogado(a)]**
**OAB/MG nº [Número de Inscrição na OAB]**"
42_direito_empresarial_questao_1,42_direito_empresarial,"Prezados examinandos,

A situação apresentada envolve a alienação de estabelecimento empresarial (trespasse) e suas implicações para os credores, especialmente diante da insolvência do alienante e da ausência de notificação ou pagamento. Analisemos a questão sob a ótica do Código Civil.

**1. Do Estabelecimento Empresarial e do Trespasse**

Inicialmente, é fundamental conceituar o estabelecimento empresarial, nos termos do Art. 1.142 do Código Civil. Trata-se do complexo de bens organizado para o exercício da empresa, por empresário ou por sociedade empresária. Abrange tanto bens corpóreos (instalações, mercadorias, equipamentos) quanto incorpóreos (nome empresarial, ponto, marcas, patentes). A alienação desse complexo, conhecida como trespasse, não se confunde com a venda das quotas sociais da sociedade empresária. No caso, a Adelândia Bar e Restaurante Ltda. alienou o seu único estabelecimento, ou seja, transferiu a unidade econômica que lhe permitia exercer sua atividade.

**2. Da Proteção aos Credores no Trespasse – Artigos 1.145 e 1.146 do Código Civil**

A legislação civil, visando proteger os credores do alienante contra eventuais fraudes ou esvaziamento patrimonial, estabelece regras específicas para o trespasse, que são o cerne da questão:

*   **Art. 1.145 do Código Civil:** Este dispositivo estabelece uma condição de eficácia para a alienação do estabelecimento quando o alienante fica sem bens suficientes para solver o seu passivo. O parágrafo único do referido artigo é claro: ""Se ao alienante não restarem bens suficientes para solver o seu passivo, a eficácia da alienação do estabelecimento depende do pagamento de todos os credores, ou do consentimento destes, de modo expresso ou tácito, em trinta dias a contar de sua notificação.""
    *   No caso da Adelândia Bar e Restaurante Ltda., a alienação foi feita sem qualquer notificação prévia aos credores e sem pagamento a eles. Além disso, expressamente consta que ""não restaram no patrimônio da pessoa jurídica bens suficientes para solver o seu passivo"".
    *   Portanto, as condições de eficácia da alienação, conforme o Art. 1.145, parágrafo único, do Código Civil, não foram cumpridas. Isso significa que, perante os credores que não foram pagos ou notificados, a alienação pode ser considerada **ineficaz**. A ineficácia não anula o contrato de trespasse entre as partes, mas permite que os credores ignorem a transferência do estabelecimento para fins de satisfação de seus créditos, podendo buscar a execução diretamente sobre os bens que compunham o estabelecimento, mesmo que estejam agora em posse do adquirente.

*   **Art. 1.146 do Código Civil:** Complementarmente, este artigo trata da responsabilidade pelos débitos anteriores à transferência: ""O adquirente do estabelecimento responde pelo pagamento dos débitos anteriores à transferência, desde que regularmente contabilizados, continuando o devedor primitivo solidariamente obrigado pelo prazo de um ano, a partir, quanto aos créditos vencidos, da publicação, e, quanto aos outros, da data do vencimento.""
    *   De acordo com este artigo, há uma **responsabilidade solidária** entre o alienante (Adelândia Bar e Restaurante Ltda.) e o adquirente do estabelecimento.
    *   A Adelândia Bar e Restaurante Ltda., como alienante, continua solidariamente responsável por todos os débitos anteriores à transferência pelo prazo de um ano. Para os créditos vencidos, o prazo conta da publicação da alienação; para os vincendos, da data do vencimento.
    *   O adquirente, por sua vez, responde pelos débitos anteriores, desde que estes estivessem ""regularmente contabilizados"". A jurisprudência tem consolidado o entendimento de que a boa-fé do adquirente é crucial aqui. Contudo, a ausência de notificação e a insolvência do alienante levantam sérias questões sobre a diligência do adquirente em verificar a situação patrimonial do alienante.

**3. Conclusão e Resposta aos Credores**

Diante do exposto, os credores da Adelândia Bar e Restaurante Ltda. possuem robustos fundamentos jurídicos para proteger seus interesses:

1.  **Inoponibilidade/Ineficácia da Alienação (Art. 1.145, parágrafo único, CC):** Como a alienação foi realizada sem que o alienante tivesse bens suficientes para solver o passivo, e sem o pagamento ou o consentimento dos credores, ela é **ineficaz perante estes credores**. Isso lhes permite desconsiderar a transferência do estabelecimento para fins de execução, podendo buscar a satisfação de seus créditos diretamente sobre os bens que compunham o estabelecimento, mesmo que agora estejam em posse do adquirente. O adquirente, ao não exigir o cumprimento dessas formalidades, assumiu o risco da ineficácia do negócio perante os credores do alienante.

2.  **Responsabilidade Solidária do Alienante (Art. 1.146, CC):** A Adelândia Bar e Restaurante Ltda., como alienante, continua solidariamente responsável pelos débitos anteriores à transferência pelo prazo legal de um ano (contado da publicação para dívidas vencidas ou do vencimento para dívidas vincendas). Portanto, os credores podem acioná-la diretamente.

3.  **Responsabilidade Solidária do Adquirente (Art. 1.146, CC):** O adquirente do estabelecimento também é solidariamente responsável pelos débitos anteriores, **desde que regularmente contabilizados**. A falta de notificação dos credores e a insolvência do alienante no momento do trespasse fortalecem a tese de que o adquirente não agiu com a devida cautela, podendo ser responsabilizado, inclusive, de forma mais ampla, caso se comprove má-fé ou conluio. Em situações de inobservância do Art. 1.145, §1º, a jurisprudência tende a estender a responsabilidade do adquirente para além dos débitos meramente contabilizados, visando a coibir a fraude contra credores.

Em suma, os credores podem, a depender do caso, buscar a satisfação de seus créditos tanto contra a sociedade Adelândia Bar e Restaurante Ltda. quanto contra o adquirente do estabelecimento, sendo que a ausência de notificação e a insolvência do alienante conferem à alienação uma ineficácia perante eles, permitindo-lhes agir diretamente sobre o estabelecimento transferido."
